date,region,date_analysis,confirm,temperature,humidity,wind_speed,StringencyIndex_WeightedAverage,GovernmentResponseIndex_WeightedAverage,ContainmentHealthIndex_WeightedAverage,EconomicSupportIndex
2020/2/16,HK,NA,1,14.2,82,38,52.78,41.67,47.62,0
2020/2/17,HK,NA,3,13.6,53,34.2,52.78,41.67,47.62,0
2020/2/18,HK,NA,1,14.7,57,27.9,52.78,41.67,47.62,0
2020/2/19,HK,NA,3,16.3,69,29.4,52.78,43.75,50,0
2020/2/20,HK,NA,4,17.7,70,30.1,52.78,43.75,50,0
2020/2/21,HK,NA,0,18.9,73,32.6,52.78,43.75,50,0
2020/2/22,HK,NA,1,20.1,73,16.7,52.78,43.75,50,0
2020/2/23,HK,NA,4,19.4,71,35.7,52.78,43.75,50,0
2020/2/24,HK,NA,2,19.6,76,28.1,52.78,43.75,50,0
2020/2/25,HK,NA,4,21.8,84,15.5,52.78,43.75,50,0
2020/2/26,HK,NA,4,23.3,82,9.4,52.78,56.25,50,100
2020/2/27,HK,NA,2,20.5,84,34.1,52.78,56.25,50,100
2020/2/28,HK,NA,0,20.8,78,23.5,52.78,56.25,50,100
2020/2/29,HK,NA,1,22.5,80,8.5,52.78,56.25,50,100
2020/3/1,HK,NA,3,22.8,82,7.1,52.78,56.25,50,100
2020/3/2,HK,NA,1,20.1,84,36.6,49.07,54.17,47.62,100
2020/3/3,HK,NA,0,19.4,81,30.8,49.07,54.17,47.62,100
2020/3/4,HK,NA,3,19.9,84,23.5,49.07,54.17,47.62,100
2020/3/5,HK,NA,0,18.2,85,36.2,49.07,54.17,47.62,100
2020/3/6,HK,NA,1,18.3,80,33.5,49.07,54.17,47.62,100
2020/3/7,HK,NA,0,20.6,88,13.4,49.07,54.17,47.62,100
2020/3/8,HK,NA,3,22.1,92,15.5,49.07,54.17,47.62,100
2020/3/9,HK,NA,1,23.4,89,10.1,49.07,54.17,47.62,100
2020/3/10,HK,NA,0,23.4,67,28.6,49.07,54.17,47.62,100
2020/3/11,HK,NA,1,19.2,72,37.3,49.07,54.17,47.62,100
2020/3/12,HK,NA,0,19.2,89,23.4,49.07,54.17,47.62,100
2020/3/13,HK,NA,2,21.4,91,13.6,49.07,54.17,47.62,100
2020/3/14,HK,NA,1,21.6,78,25,49.07,54.17,47.62,100
2020/3/15,HK,NA,1,20.2,70,23.2,49.07,54.17,47.62,100
2020/3/16,HK,NA,1,20.3,75,33.2,49.07,54.17,47.62,100
2020/3/17,HK,NA,1,20.3,79,24.8,49.07,54.17,47.62,100
2020/3/18,HK,NA,12,20.5,86,18.1,49.07,54.17,47.62,100
2020/3/19,HK,NA,6,21.1,88,13.5,49.07,54.17,47.62,100
2020/3/20,HK,NA,21,21.2,87,17.5,49.07,54.17,47.62,100
2020/3/21,HK,NA,7,21.2,94,14.9,49.07,54.17,47.62,100
2020/3/22,HK,NA,22,24.2,84,8.6,49.07,54.17,47.62,100
2020/3/23,HK,NA,16,24.6,81,15.3,52.78,56.25,50,100
2020/3/24,HK,NA,17,22.8,82,27.1,52.78,56.25,50,100
2020/3/25,HK,NA,10,22.8,83,22.6,52.78,56.25,50,100
2020/3/26,HK,NA,18,23.3,90,15.1,52.78,56.25,50,100
2020/3/27,HK,NA,28,24.4,86,12,52.78,56.25,50,100
2020/3/28,HK,NA,20,22.8,91,18.1,52.78,56.25,50,100
2020/3/29,HK,NA,21,20.2,91,43.5,63.89,62.5,57.14,100
2020/3/30,HK,NA,9,20.4,95,25.4,63.89,62.5,57.14,100
2020/3/31,HK,NA,9,20.3,95,22,63.89,62.5,57.14,100
2020/4/1,HK,NA,20,19.7,91,20.4,63.89,62.5,57.14,100
2020/4/2,HK,NA,9,19.9,86,42.8,63.89,62.5,57.14,100
2020/4/3,HK,NA,14,20.4,88,37.3,63.89,62.5,57.14,100
2020/4/4,HK,NA,7,20.8,89,28.2,63.89,62.5,57.14,100
2020/4/5,HK,NA,4,18.2,88,43.3,63.89,62.5,57.14,100
2020/4/6,HK,NA,6,17.1,92,34.1,66.67,66.15,61.31,100
2020/4/7,HK,NA,9,19.1,86,17.8,66.67,66.15,61.31,100
2020/4/8,HK,NA,10,20.6,71,25.3,66.67,66.15,61.31,100
2020/4/9,HK,NA,3,21.6,69,18.6,66.67,66.15,61.31,100
2020/4/10,HK,NA,4,21.7,73,29.8,66.67,66.15,61.31,100
2020/4/11,HK,NA,1,22.5,88,13,66.67,66.15,61.31,100
2020/4/12,HK,NA,0,20.8,59,42.6,66.67,66.15,61.31,100
2020/4/13,HK,NA,1,20.2,44,21.6,66.67,66.15,61.31,100
2020/4/14,HK,NA,1,21.1,65,15.8,66.67,66.15,61.31,100
2020/4/15,HK,NA,0,22.2,66,8.1,66.67,66.15,61.31,100
2020/4/16,HK,NA,0,23.3,77,7.4,66.67,66.15,61.31,100
2020/4/17,HK,NA,1,24.1,79,9.5,66.67,66.15,61.31,100
2020/4/18,HK,NA,0,24.4,81,6.5,66.67,66.15,61.31,100
2020/4/19,HK,NA,1,25.9,80,7.8,66.67,66.15,61.31,100
2020/4/20,HK,NA,0,26.4,81,14.6,66.67,66.15,61.31,100
2020/4/21,HK,NA,0,26.7,82,9.8,66.67,66.15,61.31,100
2020/4/22,HK,NA,0,22.1,94,39.3,66.67,66.15,61.31,100
2020/4/23,HK,NA,0,20.6,89,33.3,66.67,66.15,61.31,100
2020/4/24,HK,NA,0,19.4,84,21.2,66.67,66.15,61.31,100
2020/4/25,HK,NA,0,20.5,83,12.8,66.67,66.15,61.31,100
2020/4/26,HK,NA,0,23.1,75,4.7,66.67,66.15,61.31,100
2020/4/27,HK,NA,0,24.4,65,10.3,66.67,66.15,61.31,100
2020/4/28,HK,NA,0,24.3,64,25.8,66.67,66.15,61.31,100
2020/4/29,HK,NA,0,24.2,72,24.7,66.67,66.15,61.31,100
2020/4/30,HK,NA,0,25.3,74,9.7,66.67,66.15,61.31,100
2020/5/1,HK,NA,0,25.7,81,5,66.67,66.15,61.31,100
2020/5/2,HK,NA,0,26.3,77,9,66.67,66.15,61.31,100
2020/5/3,HK,NA,0,27.3,78,24.8,66.67,66.15,61.31,100
2020/5/4,HK,NA,0,27.8,79,25.8,66.67,66.15,61.31,100
2020/5/5,HK,NA,0,27.9,80,26.3,66.67,66.15,61.31,100
2020/5/6,HK,NA,0,28.7,81,17.7,66.67,66.15,61.31,100
2020/5/7,HK,NA,0,29,81,16,66.67,66.15,61.31,100
2020/5/8,HK,NA,0,29.3,81,23.2,63.89,64.58,59.52,100
2020/5/9,HK,NA,0,29.2,79,20.3,63.89,64.58,59.52,100
2020/5/10,HK,NA,0,29,78,19.2,63.89,63.02,57.74,100
2020/5/11,HK,NA,0,28.9,76,6.8,63.89,64.58,59.52,100
2020/5/12,HK,NA,0,27,82,4.6,63.89,64.58,59.52,100
2020/5/13,HK,NA,2,26.6,84,28,63.89,64.58,59.52,100
2020/5/14,HK,NA,1,27.1,83,28.5,63.89,64.58,59.52,100
2020/5/15,HK,NA,0,28.5,81,16.6,63.89,64.58,59.52,100
2020/5/16,HK,NA,0,28.9,80,6.8,63.89,64.58,59.52,100
2020/5/17,HK,NA,0,28.9,77,12.7,63.89,64.58,59.52,100
2020/5/18,HK,NA,0,25.8,88,19.1,63.89,64.58,59.52,100
2020/5/19,HK,NA,0,28,82,11.9,63.89,64.58,59.52,100
2020/5/20,HK,NA,0,27.6,87,27.2,63.89,64.58,59.52,100
2020/5/21,HK,NA,0,27.6,92,28.6,63.89,64.58,59.52,100
2020/5/22,HK,NA,0,27.9,88,28.4,63.89,64.58,59.52,100
2020/5/23,HK,NA,0,25.7,88,26.8,63.89,64.58,59.52,100
2020/5/24,HK,NA,0,26.7,82,18.1,63.89,64.58,59.52,100
2020/5/25,HK,NA,0,26.6,91,12.9,63.89,64.58,59.52,100
2020/5/26,HK,NA,0,28.3,87,20.3,63.89,64.58,59.52,100
2020/5/27,HK,NA,0,28.2,83,5.7,60.19,62.5,57.14,100
2020/5/28,HK,NA,0,27.7,86,21.4,60.19,62.5,57.14,100
2020/5/29,HK,NA,0,28.2,85,17.8,52.78,58.33,52.38,100
2020/5/30,HK,NA,0,26,94,17,52.78,58.33,52.38,100
2020/5/31,HK,NA,2,29.2,83,22.7,52.78,58.33,52.38,100
2020/6/1,HK,NA,3,29.9,78,23.4,52.78,58.33,52.38,100
2020/6/2,HK,NA,4,29,82,24.5,52.78,58.33,52.38,100
2020/6/3,HK,NA,0,29.8,76,26,52.78,58.33,52.38,100
2020/6/4,HK,NA,1,30.1,75,24.3,52.78,58.33,52.38,100
2020/6/5,HK,NA,0,30,78,29.6,52.78,58.33,52.38,100
2020/6/6,HK,NA,0,26.8,89,14.8,52.78,58.33,52.38,100
2020/6/7,HK,NA,0,27.7,91,15.8,52.78,58.33,52.38,100
2020/6/8,HK,NA,0,28.6,88,11.7,52.78,58.33,52.38,100
2020/6/9,HK,NA,0,29.4,83,13.5,52.78,58.33,52.38,100
2020/6/10,HK,NA,0,29.8,78,16,52.78,58.33,52.38,100
2020/6/11,HK,NA,0,30.2,76,10,52.78,58.33,52.38,100
2020/6/12,HK,NA,1,30.4,75,9.5,52.78,58.33,52.38,100
2020/6/13,HK,NA,1,29.8,81,33.5,52.78,58.33,52.38,100
2020/6/14,HK,NA,0,28,84,29.9,52.78,58.33,52.38,100
2020/6/15,HK,NA,0,29.3,79,20.8,52.78,58.33,52.38,100
2020/6/16,HK,NA,0,28.6,81,21,52.78,58.33,52.38,100
2020/6/17,HK,NA,0,29.1,77,18.1,52.78,58.33,52.38,100
2020/6/18,HK,NA,0,29.5,77,21.9,52.78,58.33,52.38,100
2020/6/19,HK,NA,0,29.9,74,18.9,41.67,52.08,45.24,100
2020/6/20,HK,NA,0,30,74,20.6,41.67,52.08,45.24,100
2020/6/21,HK,NA,0,30.2,76,26.3,41.67,52.08,45.24,100
2020/6/22,HK,NA,0,30.4,77,26.6,41.67,52.08,45.24,100
2020/6/23,HK,NA,0,30.3,77,27.4,41.67,52.08,45.24,100
2020/6/24,HK,NA,0,30.4,77,27.3,41.67,52.08,45.24,100
2020/6/25,HK,NA,0,30.2,76,27.5,41.67,52.08,45.24,100
2020/6/26,HK,NA,0,30.3,77,26.8,41.67,52.08,45.24,100
2020/6/27,HK,NA,0,30.2,77,17.8,41.67,52.08,45.24,100
2020/6/28,HK,NA,0,30.4,75,13.6,41.67,52.08,45.24,100
2020/6/29,HK,NA,0,30.5,74,9.3,41.67,52.08,45.24,100
2020/6/30,HK,NA,0,30.7,74,12.3,41.67,52.08,45.24,100
2020/7/1,HK,NA,0,30.2,78,15.2,41.67,52.08,45.24,100
2020/7/2,HK,NA,0,30.2,79,22.8,41.67,52.08,45.24,100
2020/7/3,HK,NA,0,29.2,84,18.1,41.67,52.08,45.24,100
2020/7/4,HK,NA,0,29.8,80,17.4,41.67,52.08,45.24,100
2020/7/5,HK,NA,2,30,77,21.4,41.67,52.08,45.24,100
2020/7/6,HK,NA,1,30.1,76,25,41.67,52.08,45.24,100
2020/7/7,HK,NA,9,30.1,77,22.4,41.67,52.08,45.24,100
2020/7/8,HK,NA,19,30,79,34,41.67,54.17,47.62,100
2020/7/9,HK,NA,34,30.1,79,36.7,41.67,54.17,47.62,100
2020/7/10,HK,NA,32,30.3,75,27.9,41.67,54.17,47.62,100
2020/7/11,HK,NA,16,30.4,76,22.3,41.67,54.17,47.62,100
2020/7/12,HK,NA,30,30.4,75,13.1,41.67,54.17,47.62,100
2020/7/13,HK,NA,41,30.5,74,13.9,41.67,54.17,47.62,100
2020/7/14,HK,NA,40,30.6,75,27.2,41.67,54.17,47.62,100
2020/7/15,HK,NA,14,30.5,74,32.1,66.67,68.23,63.69,100
2020/7/16,HK,NA,63,30.4,76,25.7,66.67,68.23,63.69,100
2020/7/17,HK,NA,50,30.3,75,22.7,66.67,68.23,63.69,100
2020/7/18,HK,NA,60,30.4,75,22.3,66.67,68.23,63.69,100
2020/7/19,HK,NA,82,30.3,75,20,66.67,68.23,63.69,100
2020/7/20,HK,NA,58,29.9,77,10.5,66.67,68.23,63.69,100
2020/7/21,HK,NA,66,30.4,76,5.2,66.67,68.23,63.69,100
2020/7/22,HK,NA,102,30,79,12,66.67,68.23,63.69,100
2020/7/23,HK,NA,110,31,73,8,66.67,68.23,63.69,100
2020/7/24,HK,NA,115,30.8,74,14.8,66.67,68.23,63.69,100
2020/7/25,HK,NA,126,30.7,75,22.4,66.67,68.23,63.69,100
2020/7/26,HK,NA,103,30.8,74,22.7,66.67,68.23,63.69,100
2020/7/27,HK,NA,141,30.5,75,19.6,66.67,68.23,63.69,100
2020/7/28,HK,NA,98,30.8,73,13.7,66.67,68.23,63.69,100
2020/7/29,HK,NA,112,30.5,77,10,66.67,71.35,67.26,100
2020/7/30,HK,NA,124,30.2,75,23.4,66.67,71.35,67.26,100
2020/7/31,HK,NA,145,27.9,84,49.6,66.67,71.35,67.26,100
2020/8/1,HK,NA,118,27.7,87,44,66.67,71.35,67.26,100
2020/8/2,HK,NA,112,27.5,89,32.2,66.67,71.35,67.26,100
2020/8/3,HK,NA,80,26.5,93,15.1,66.67,71.35,67.26,100
2020/8/4,HK,NA,75,27.5,87,11.5,66.67,71.35,67.26,100
2020/8/5,HK,NA,82,27.8,88,26.3,66.67,71.35,67.26,100
2020/8/6,HK,NA,91,29.1,85,15.5,66.67,71.35,67.26,100
2020/8/7,HK,NA,81,30.1,80,15.9,66.67,73.44,69.64,100
2020/8/8,HK,NA,67,30.5,76,11.5,66.67,73.44,69.64,100
2020/8/9,HK,NA,63,29.9,76,7.7,66.67,73.44,69.64,100
2020/8/10,HK,NA,67,30,76,11.8,66.67,73.44,69.64,100
2020/8/11,HK,NA,32,30.3,78,19,66.67,73.44,69.64,100
2020/8/12,HK,NA,61,27.8,88,25.2,66.67,73.44,69.64,100
2020/8/13,HK,NA,65,28.1,86,19.7,66.67,73.44,69.64,100
2020/8/14,HK,NA,46,29.3,80,11.5,66.67,73.44,69.64,100
2020/8/15,HK,NA,39,29.8,76,9.2,66.67,73.44,69.64,100
2020/8/16,HK,NA,70,30.1,76,14.3,66.67,73.44,69.64,100
2020/8/17,HK,NA,31,28.2,84,16.3,66.67,73.44,69.64,100
2020/8/18,HK,NA,35,27.3,85,36.5,66.67,73.44,69.64,100
2020/8/19,HK,NA,23,26.6,91,36.5,66.67,73.44,69.64,100
2020/8/20,HK,NA,17,29,83,16.8,66.67,73.44,69.64,100
2020/8/21,HK,NA,18,29.8,77,9.8,66.67,73.44,69.64,100
2020/8/22,HK,NA,24,29.7,77,3,66.67,73.44,69.64,100
2020/8/23,HK,NA,19,29.8,77,5,66.67,73.44,69.64,100
2020/8/24,HK,NA,7,30.2,76,23.7,66.67,73.44,69.64,100
2020/8/25,HK,NA,16,30.6,77,32.2,66.67,73.44,69.64,100
2020/8/26,HK,NA,24,29.7,81,25.7,66.67,73.44,69.64,100
2020/8/27,HK,NA,18,28.5,83,16,66.67,73.44,69.64,100
2020/8/28,HK,NA,10,28.9,82,9.3,66.67,73.44,69.64,100
2020/8/29,HK,NA,16,29.9,77,8.5,66.67,73.44,69.64,100
2020/8/30,HK,NA,10,29.6,80,8.8,66.67,73.44,69.64,100
2020/8/31,HK,NA,7,29.8,76,13.5,66.67,73.44,69.64,100
2020/9/1,HK,NA,9,30.3,76,13.4,66.67,73.44,69.64,100
2020/9/2,HK,NA,8,30,77,11.7,66.67,73.44,69.64,100
2020/9/3,HK,NA,7,30.2,78,11.3,66.67,73.44,69.64,100
2020/9/4,HK,NA,7,29.8,82,5.2,66.67,73.44,69.64,100
2020/9/5,HK,NA,7,28.4,83,11.8,66.67,73.44,69.64,100
2020/9/6,HK,NA,15,29.1,80,9,66.67,73.44,69.64,100
2020/9/7,HK,NA,10,29.4,82,12.6,66.67,73.44,69.64,100
2020/9/8,HK,NA,3,27.1,91,14.3,66.67,73.44,69.64,100
2020/9/9,HK,NA,5,27.9,86,6.3,66.67,73.44,69.64,100
2020/9/10,HK,NA,5,28.5,83,9.2,66.67,73.44,69.64,100
2020/9/11,HK,NA,3,28.9,81,8.9,62.96,69.79,65.48,100
2020/9/12,HK,NA,9,28.2,85,8.2,62.96,69.79,65.48,100
2020/9/13,HK,NA,11,28.4,83,17.5,62.96,69.79,65.48,100
2020/9/14,HK,NA,12,28.1,85,32.5,62.96,69.79,65.48,100
2020/9/15,HK,NA,0,27.3,92,29.1,62.96,69.79,65.48,100
2020/9/16,HK,NA,5,29.5,85,27.5,62.96,69.79,65.48,100
2020/9/17,HK,NA,6,28.7,87,39.1,62.96,69.79,65.48,100
2020/9/18,HK,NA,2,28.3,88,32.4,62.96,69.79,65.48,100
2020/9/19,HK,NA,4,27.2,92,21.3,62.96,69.79,65.48,100
2020/9/20,HK,NA,4,28.6,83,13,62.96,69.79,65.48,100
2020/9/21,HK,NA,2,27.4,91,23.4,62.96,69.79,65.48,100
2020/9/22,HK,NA,3,28.6,82,22.4,62.96,69.79,65.48,100
2020/9/23,HK,NA,2,29.1,77,13.9,59.26,67.71,63.1,100
2020/9/24,HK,NA,3,28.5,80,10.4,59.26,67.71,63.1,100
2020/9/25,HK,NA,2,28.3,76,21,59.26,67.71,63.1,100
2020/9/26,HK,NA,0,28,76,37.1,55.56,65.62,60.71,100
2020/9/27,HK,NA,1,27.7,81,40.8,55.56,65.62,60.71,100
2020/9/28,HK,NA,3,26.6,87,33.5,55.56,65.62,60.71,100
2020/9/29,HK,NA,0,26.9,89,26.9,51.85,63.54,58.33,100
2020/9/30,HK,NA,1,27.4,88,19.8,51.85,63.54,58.33,100
2020/10/1,HK,NA,1,26.7,77,46.2,51.85,63.54,58.33,100
2020/10/2,HK,NA,3,27.6,75,35.4,51.85,63.54,58.33,100
2020/10/3,HK,NA,1,28.3,75,20.8,51.85,63.54,58.33,100
2020/10/4,HK,NA,2,28.4,78,12,51.85,63.54,58.33,100
2020/10/5,HK,NA,2,28,79,32.5,51.85,63.54,58.33,100
2020/10/6,HK,NA,4,25.9,78,33.4,51.85,63.54,58.33,100
2020/10/7,HK,NA,9,24.9,70,32,51.85,63.54,58.33,100
2020/10/8,HK,NA,14,25.2,67,30.8,51.85,63.54,58.33,100
2020/10/9,HK,NA,7,26,64,23.7,51.85,63.54,58.33,100
2020/10/10,HK,NA,3,26.1,69,24.1,51.85,63.54,58.33,100
2020/10/11,HK,NA,4,27,73,30.4,51.85,63.54,58.33,100
2020/10/12,HK,NA,5,28,72,44.7,51.85,63.54,58.33,100
2020/10/13,HK,NA,4,24.9,86,72.1,51.85,63.54,58.33,100
2020/10/14,HK,NA,0,25.5,80,66.4,51.85,63.54,58.33,100
2020/10/15,HK,NA,4,26.5,73,50.8,51.85,63.54,58.33,100
2020/10/16,HK,NA,1,27,71,41.4,51.85,63.54,58.33,100
2020/10/17,HK,NA,0,25.6,72,40,51.85,63.54,58.33,100
2020/10/18,HK,NA,2,24.9,73,32.3,51.85,63.54,58.33,100
2020/10/19,HK,NA,1,24.6,70,27.6,51.85,63.54,58.33,100
2020/10/20,HK,NA,1,25,68,24.5,51.85,63.54,58.33,100
2020/10/21,HK,NA,1,24.5,63,41.5,51.85,63.54,58.33,100
2020/10/22,HK,NA,1,24.7,60,45.7,51.85,63.54,58.33,100
2020/10/23,HK,NA,0,23.5,51,38,51.85,63.54,58.33,100
2020/10/24,HK,NA,1,23.8,55,43,51.85,63.54,58.33,100
2020/10/25,HK,NA,1,24.2,69,44.9,51.85,63.54,58.33,100
2020/10/26,HK,NA,0,24.6,76,33.1,51.85,63.54,58.33,100
2020/10/27,HK,NA,0,25.1,73,43,51.85,63.54,58.33,100
2020/10/28,HK,NA,0,24.4,78,41.5,51.85,63.54,58.33,100
2020/10/29,HK,NA,1,24.7,74,34.1,51.85,63.54,58.33,100
2020/10/30,HK,NA,1,24.4,78,31.3,51.85,63.54,58.33,100
2020/10/31,HK,NA,0,23.4,71,34.3,51.85,63.54,58.33,100
2020/11/1,HK,NA,1,24,72,22.4,51.85,63.54,58.33,100
2020/11/2,HK,NA,3,25.3,64,21.4,51.85,63.54,58.33,100
2020/11/3,HK,NA,3,23.6,69,29.8,51.85,63.54,58.33,100
2020/11/4,HK,NA,2,23,69,39.5,51.85,63.54,58.33,100
2020/11/5,HK,NA,1,22.9,69,33.8,51.85,63.54,58.33,100
2020/11/6,HK,NA,0,24.7,68,14.6,51.85,63.54,58.33,100
2020/11/7,HK,NA,1,26.8,56,18.5,51.85,63.54,58.33,100
2020/11/8,HK,NA,2,25.7,59,25.8,51.85,63.54,58.33,100
2020/11/9,HK,NA,0,23.7,60,34.8,51.85,63.54,58.33,100
2020/11/10,HK,NA,2,22.9,61,34.5,51.85,60.42,58.33,75
2020/11/11,HK,NA,3,22.5,68,36.5,51.85,60.42,58.33,75
2020/11/12,HK,NA,7,22.2,66,26.9,51.85,60.42,58.33,75
2020/11/13,HK,NA,4,22.9,62,27.9,51.85,60.42,58.33,75
2020/11/14,HK,NA,3,23.3,65,28.9,55.56,62.5,60.71,75
2020/11/15,HK,NA,5,23,77,33.8,55.56,62.5,60.71,75
2020/11/16,HK,NA,0,24,75,21.7,55.56,62.5,60.71,75
2020/11/17,HK,NA,1,24.2,78,24.5,55.56,62.5,60.71,75
2020/11/18,HK,NA,3,24.9,81,19.8,55.56,62.5,60.71,75
2020/11/19,HK,NA,3,25.3,86,9.8,55.56,62.5,60.71,75
2020/11/20,HK,NA,21,25.9,84,9.9,55.56,62.5,60.71,75
2020/11/21,HK,NA,36,23.5,88,33.7,55.56,62.5,60.71,75
2020/11/22,HK,NA,61,24.8,83,19.8,55.56,62.5,60.71,75
2020/11/23,HK,NA,63,23,84,44.8,55.56,62.5,60.71,75
2020/11/24,HK,NA,69,23.3,79,28.9,59.26,64.58,63.1,75
2020/11/25,HK,NA,83,23.5,77,29.1,59.26,64.58,63.1,75
2020/11/26,HK,NA,75,24,77,21.8,59.26,64.58,63.1,75
2020/11/27,HK,NA,89,22.8,70,26.9,59.26,64.58,63.1,75
2020/11/28,HK,NA,81,20.4,68,29.3,59.26,64.58,63.1,75
2020/11/29,HK,NA,109,20,64,30,59.26,64.58,63.1,75
2020/11/30,HK,NA,68,19.2,65,27.9,68.52,69.79,69.05,75
2020/12/1,HK,NA,72,19.7,66,25.4,68.52,69.79,69.05,75
2020/12/2,HK,NA,97,19.9,65,26.3,68.52,69.79,69.05,75
2020/12/3,HK,NA,79,17.4,64,42,68.52,69.79,69.05,75
2020/12/4,HK,NA,100,15.9,63,38.3,71.3,71.35,70.83,75
2020/12/5,HK,NA,92,16.8,63,28,71.3,71.35,70.83,75
2020/12/6,HK,NA,87,18.2,69,20.8,71.3,71.35,70.83,75
2020/12/7,HK,NA,71,20.7,63,15.3,71.3,71.35,70.83,75
2020/12/8,HK,NA,95,19.9,64,21.3,71.3,71.35,70.83,75
2020/12/9,HK,NA,99,19.8,71,22.7,71.3,71.35,70.83,75
2020/12/10,HK,NA,102,20.9,78,14.2,71.3,71.35,70.83,75
2020/12/11,HK,NA,81,21.6,82,19.1,71.3,71.35,70.83,75
2020/12/12,HK,NA,64,20.9,84,15.8,71.3,71.35,70.83,75
2020/12/13,HK,NA,92,20.9,78,29,71.3,71.35,70.83,75
2020/12/14,HK,NA,77,19.5,80,30.5,71.3,71.35,70.83,75
2020/12/15,HK,NA,89,15.4,72,27.9,71.3,71.35,70.83,75
2020/12/16,HK,NA,79,14.8,71,26.5,71.3,71.35,70.83,75
2020/12/17,HK,NA,90,14.9,71,24,71.3,71.35,70.83,75
2020/12/18,HK,NA,64,16.4,68,28.9,71.3,71.35,70.83,75
2020/12/19,HK,NA,102,15,63,35.1,71.3,71.35,70.83,75
2020/12/20,HK,NA,70,14.9,59,35.6,71.3,71.35,70.83,75
2020/12/21,HK,NA,78,16.5,58,29.8,71.3,71.35,70.83,75
2020/12/22,HK,NA,53,17.4,66,24.5,71.3,71.35,70.83,75
2020/12/23,HK,NA,47,18.4,83,24,71.3,71.35,70.83,75
2020/12/24,HK,NA,61,20,76,8.6,71.3,71.35,70.83,75
2020/12/25,HK,NA,55,18.9,77,29.7,71.3,71.35,70.83,75
2020/12/26,HK,NA,53,18.7,79,28.3,71.3,71.35,70.83,75
2020/12/27,HK,NA,69,20.4,71,12.7,71.3,71.35,70.83,75
2020/12/28,HK,NA,60,20.6,69,24,71.3,71.35,70.83,75
2020/12/29,HK,NA,50,21,75,16.1,71.3,71.35,70.83,75
2020/12/30,HK,NA,47,15.1,50,53.7,71.3,71.35,70.83,75
2020/12/31,HK,NA,62,10.9,37,39,71.3,71.35,70.83,75
2021/1/1,HK,NA,36,11.8,40,25.6,71.3,71.35,70.83,75
2021/1/2,HK,NA,34,14,52,27.3,71.3,71.35,70.83,75
2021/1/3,HK,NA,40,16.7,65,26.5,71.3,71.35,70.83,75
2021/1/4,HK,NA,43,18.3,66,21,71.3,71.35,70.83,75
2021/1/5,HK,NA,31,18.8,65,15.5,71.3,71.35,70.83,75
2021/1/6,HK,NA,22,17.1,72,26,71.3,71.35,70.83,75
2021/1/7,HK,NA,29,15.3,67,35.3,71.3,71.35,70.83,75
2021/1/8,HK,NA,42,9.1,52,45.5,71.3,71.35,70.83,75
2021/1/9,HK,NA,53,10.7,38,27,71.3,71.35,70.83,75
2021/1/10,HK,NA,28,12.8,40,27.4,71.3,71.35,70.83,75
2021/1/11,HK,NA,38,10.6,44,45.5,71.3,71.35,70.83,75
2021/1/12,HK,NA,60,11.9,33,35.2,71.3,71.35,70.83,75
2021/1/13,HK,NA,42,13.4,48,11.2,71.3,71.35,70.83,75
2021/1/14,HK,NA,26,15.2,55,11.7,71.3,71.35,70.83,75
2021/1/15,HK,NA,35,17.3,59,11.5,71.3,71.35,70.83,75
2021/1/16,HK,NA,49,17.6,68,29.5,71.3,71.35,70.83,75
2021/1/17,HK,NA,51,16.6,58,37.6,71.3,71.35,70.83,75
2021/1/18,HK,NA,102,14.2,53,19.9,71.3,71.35,70.83,75
2021/1/19,HK,NA,55,15.4,64,32.2,71.3,71.35,70.83,75
2021/1/20,HK,NA,77,18.2,69,30.2,71.3,71.35,70.83,75
2021/1/21,HK,NA,63,20.1,73,18.9,71.3,71.35,70.83,75
2021/1/22,HK,NA,55,20.3,80,7.6,71.3,71.35,70.83,75
2021/1/23,HK,NA,78,20.2,78,9.1,71.3,71.35,70.83,75
2021/1/24,HK,NA,72,18.4,83,32.7,71.3,71.35,70.83,75
2021/1/25,HK,NA,69,19.2,74,23.3,71.3,71.35,70.83,75
2021/1/26,HK,NA,63,19.6,78,10.7,71.3,71.35,70.83,75
2021/1/27,HK,NA,57,18.9,77,25,71.3,71.35,70.83,75
2021/1/28,HK,NA,38,19.1,70,17.7,71.3,71.35,70.83,75
2021/1/29,HK,NA,48,16.6,60,32.5,71.3,71.35,70.83,75
2021/1/30,HK,NA,26,16.7,68,33.3,71.3,71.35,70.83,75
2021/1/31,HK,NA,44,18.4,67,28.3,71.3,71.35,70.83,75
2021/2/1,HK,NA,29,20.3,76,14.1,71.3,71.35,70.83,75
2021/2/2,HK,NA,24,20.9,76,15.5,71.3,71.35,70.83,75
2021/2/3,HK,NA,19,18.4,69,33.5,71.3,71.35,70.83,75
2021/2/4,HK,NA,19,19.4,68,21,71.3,71.35,70.83,75
2021/2/5,HK,NA,34,19.9,72,25.2,71.3,71.35,70.83,75
2021/2/6,HK,NA,16,20.7,73,6.5,71.3,71.35,70.83,75
2021/2/7,HK,NA,24,20.3,74,13.8,71.3,71.35,70.83,75
2021/2/8,HK,NA,28,19.9,79,35.4,71.3,71.35,70.83,75
2021/2/9,HK,NA,21,18.5,76,57.3,71.3,71.35,70.83,75
2021/2/10,HK,NA,17,16.5,89,36.3,71.3,71.35,70.83,75
2021/2/11,HK,NA,17,17.4,78,17.6,71.3,71.35,70.83,75
2021/2/12,HK,NA,18,18.4,69,11.4,71.3,71.35,70.83,75
2021/2/13,HK,NA,10,19.2,76,14.6,71.3,71.35,70.83,75
2021/2/14,HK,NA,10,19.9,75,12.8,71.3,71.35,70.83,75
2021/2/15,HK,NA,4,21.1,70,10.5,71.3,71.35,70.83,75
2021/2/16,HK,NA,6,20.3,71,21,71.3,71.35,70.83,75
2021/2/17,HK,NA,12,20.4,70,22.3,71.3,71.35,70.83,75
2021/2/18,HK,NA,8,18.5,65,29.7,71.3,71.35,70.83,75
2021/2/19,HK,NA,12,18.5,66,19.7,71.3,71.35,70.83,75
2021/2/20,HK,NA,10,19.6,73,9.3,71.3,71.35,70.83,75
2021/2/21,HK,NA,19,20.4,74,7.5,71.3,71.35,70.83,75
2021/2/22,HK,NA,13,21.4,78,5.7,71.3,71.35,70.83,75
2021/2/23,HK,NA,11,21.7,74,14.5,71.3,71.35,70.83,75
2021/2/24,HK,NA,16,20.3,79,36.4,71.3,71.35,70.83,75
2021/2/25,HK,NA,12,20.2,85,27.4,71.3,71.35,70.83,75
2021/2/26,HK,NA,18,22.3,86,13.9,71.3,75.1,75.12,75
2021/2/27,HK,NA,31,18.8,89,27.1,71.3,75.1,75.12,75
2021/2/28,HK,NA,17,19.9,83,30.7,71.3,75.1,75.12,75
2021/3/1,HK,NA,11,21.9,81,15.7,71.3,75.1,75.12,75
2021/3/2,HK,NA,7,21.4,75,26.9,71.3,75.1,75.12,75
2021/3/3,HK,NA,14,18.4,81,43,71.3,75.1,75.12,75
2021/3/4,HK,NA,6,18.9,87,26.9,71.3,75.1,75.12,75
2021/3/5,HK,NA,8,20.1,91,21,71.3,75.1,75.12,75
2021/3/6,HK,NA,4,20.5,93,19.6,71.3,75.1,75.12,75
2021/3/7,HK,NA,13,19.9,90,28.8,71.3,75.1,75.12,75
2021/3/8,HK,NA,6,19.7,83,36.2,71.3,76.35,76.55,75
2021/3/9,HK,NA,8,20.1,79,29.8,71.3,76.35,76.55,75
2021/3/10,HK,NA,6,19.8,79,42.7,71.3,76.35,76.55,75
2021/3/11,HK,NA,19,21,79,31.4,71.3,76.35,76.55,75
2021/3/12,HK,NA,54,23.2,77,8.9,71.3,76.35,76.55,75
2021/3/13,HK,NA,42,22,76,32.2,71.3,76.35,76.55,75
2021/3/14,HK,NA,23,21.3,80,26.9,71.3,76.35,76.55,75
2021/3/15,HK,NA,16,22.4,76,23.5,71.3,76.35,76.55,75
2021/3/16,HK,NA,13,24,78,9,71.3,76.35,76.55,75
2021/3/17,HK,NA,8,24.7,80,9.4,71.3,76.35,76.55,75
2021/3/18,HK,NA,6,23.4,87,21.1,71.3,76.35,76.55,75
2021/3/19,HK,NA,9,24.2,82,14.5,71.3,76.35,76.55,75
2021/3/20,HK,NA,7,25,81,6.8,71.3,76.35,76.55,75
2021/3/21,HK,NA,4,21.2,73,26.5,71.3,76.35,76.55,75
2021/3/22,HK,NA,7,17.8,61,29.9,71.3,76.35,76.55,75
2021/3/23,HK,NA,4,18.9,61,26.1,71.3,76.35,76.55,75
2021/3/24,HK,NA,4,20.7,68,9.5,71.3,76.35,76.55,75
2021/3/25,HK,NA,4,22.1,70,29.4,71.3,76.35,76.55,75
2021/3/26,HK,NA,3,21.6,75,32.7,71.3,76.35,76.55,75
2021/3/27,HK,NA,0,24.1,80,12,71.3,76.35,76.55,75
2021/3/28,HK,NA,0,24.8,80,11.8,71.3,76.35,76.55,75
2021/3/29,HK,NA,1,25.6,82,18.7,71.3,76.35,76.55,75
2021/3/30,HK,NA,1,26.6,78,15.9,71.3,76.35,76.55,75
2021/3/31,HK,NA,1,26.5,79,14.7,71.3,76.35,76.55,75
2021/4/1,HK,NA,2,26.7,79,11,71.3,76.35,76.55,75
2021/4/2,HK,NA,7,26.9,79,2.3,71.3,76.35,76.55,75
2021/4/3,HK,NA,1,26.9,74,9,71.3,76.35,76.55,75
2021/4/4,HK,NA,0,24.7,86,24.8,71.3,76.35,76.55,75
2021/4/5,HK,NA,1,22.4,84,36.4,71.3,76.35,76.55,75
2021/4/6,HK,NA,3,23.9,77,18.4,71.3,76.35,76.55,75
2021/4/7,HK,NA,2,23.1,76,30.8,71.3,76.35,76.55,75
2021/4/8,HK,NA,2,23.2,74,29.3,71.3,76.35,76.55,75
2021/4/9,HK,NA,2,21,82,41.1,71.3,76.35,76.55,75
2021/4/10,HK,NA,2,22.4,65,36.3,71.3,76.35,76.55,75
2021/4/11,HK,NA,2,23.1,73,28,71.3,76.35,76.55,75
2021/4/12,HK,NA,2,24.6,80,11.8,71.3,76.35,76.55,75
2021/4/13,HK,NA,3,25.9,77,6.6,71.3,76.35,76.55,75
2021/4/14,HK,NA,1,24.6,84,24,71.3,76.35,76.55,75
2021/4/15,HK,NA,2,22.2,91,35.5,71.3,76.35,76.55,75
2021/4/16,HK,NA,6,22.8,88,28.2,71.3,76.35,76.55,75
2021/4/17,HK,NA,7,22.8,88,23.3,71.3,76.35,76.55,75
2021/4/18,HK,NA,0,23.2,67,41.3,71.3,76.35,76.55,75
2021/4/19,HK,NA,1,22.5,67,46.2,71.3,76.35,76.55,75
2021/4/20,HK,NA,4,23.4,73,31.7,71.3,76.35,76.55,75
2021/4/21,HK,NA,0,24.5,74,19.5,71.3,76.35,76.55,75
2021/4/22,HK,NA,2,25.2,74,16.1,71.3,76.35,76.55,75
2021/4/23,HK,NA,0,27.3,75,15.7,71.3,77.6,77.98,75
2021/4/24,HK,NA,2,25.4,82,21.1,71.3,77.6,77.98,75
2021/4/25,HK,NA,2,24.7,85,25.9,71.3,77.6,77.98,75
2021/4/26,HK,NA,0,23.4,80,42.5,71.3,77.6,77.98,75
2021/4/27,HK,NA,3,23.2,90,34.6,71.3,77.6,77.98,75
2021/4/28,HK,NA,1,24.4,88,18.1,71.3,77.6,77.98,75
2021/4/29,HK,NA,0,24.1,74,12.9,71.3,77.6,77.98,75
2021/4/30,HK,NA,0,25.6,77,9.3,71.3,77.6,77.98,75
2021/5/1,HK,NA,0,26.3,76,9.8,71.3,77.6,77.98,75
2021/5/2,HK,NA,0,26.5,82,10.4,71.3,77.6,77.98,75
2021/5/3,HK,NA,0,24.3,89,33.5,71.3,77.6,77.98,75
2021/5/4,HK,NA,0,26.6,84,13.8,71.3,77.6,77.98,75
2021/5/5,HK,NA,0,26.6,79,11.2,71.3,77.6,77.98,75
2021/5/6,HK,NA,0,25.2,79,27.7,71.3,77.6,77.98,75
2021/5/7,HK,NA,0,26.6,77,10.8,71.3,77.6,77.98,75
2021/5/8,HK,NA,0,27.7,79,18.1,71.3,77.6,77.98,75
2021/5/9,HK,NA,0,28.3,79,23.2,71.3,77.6,77.98,75
2021/5/10,HK,NA,0,28.4,76,14.3,71.3,77.6,77.98,75
2021/5/11,HK,NA,0,29.2,77,20.5,71.3,77.6,77.98,75
2021/5/12,HK,NA,0,29.6,78,20.3,71.3,77.6,77.98,75
2021/5/13,HK,NA,0,29.5,79,18.8,71.3,77.6,77.98,75
2021/5/14,HK,NA,0,30,77,18.9,71.3,77.6,77.98,75
2021/5/15,HK,NA,0,29.9,74,14.8,71.3,77.6,77.98,75
2021/5/16,HK,NA,1,30.2,74,19.8,71.3,77.6,77.98,75
2021/5/17,HK,NA,0,30.4,75,18.1,71.3,77.6,77.98,75
2021/5/18,HK,NA,0,30.2,76,23.8,71.3,77.6,77.98,75
2021/5/19,HK,NA,0,30.3,75,25.1,71.3,77.6,77.98,75
2021/5/20,HK,NA,0,30.5,75,25.2,71.3,77.6,77.98,75
2021/5/21,HK,NA,0,30.7,75,27.8,71.3,77.6,77.98,75
2021/5/22,HK,NA,0,30.5,77,20,71.3,77.6,77.98,75
2021/5/23,HK,NA,0,31.4,74,15.5,71.3,77.6,77.98,75
2021/5/24,HK,NA,0,29.8,81,9.6,71.3,77.6,77.98,75
2021/5/25,HK,NA,0,28.8,83,5.8,71.3,77.6,77.98,75
2021/5/26,HK,NA,0,30.1,77,11.3,71.3,77.6,77.98,75
2021/5/27,HK,NA,0,30.3,76,22.6,71.3,77.6,77.98,75
2021/5/28,HK,NA,0,30.6,77,25.3,71.3,77.6,77.98,75
2021/5/29,HK,NA,0,30.2,79,33.1,71.3,77.6,77.98,75
2021/5/30,HK,NA,0,30.3,81,34.1,71.3,77.6,77.98,75
2021/5/31,HK,NA,0,29.6,84,25.3,71.3,77.6,77.98,75
2021/6/1,HK,NA,0,26.5,91,13.7,71.3,77.6,77.98,75
2021/6/2,HK,NA,0,28.3,85,10.9,71.3,77.6,77.98,75
2021/6/3,HK,NA,0,30.3,77,9.4,71.3,77.6,77.98,75
2021/6/4,HK,NA,0,28.4,84,17.4,71.3,77.6,77.98,75
2021/6/5,HK,NA,1,27.3,73,9.9,71.3,77.6,77.98,75
2021/6/6,HK,NA,1,28.2,74,12.4,71.3,77.6,77.98,75
2021/6/7,HK,NA,1,28.7,78,27.7,71.3,77.6,77.98,75
2021/6/8,HK,NA,0,29.3,79,23.2,71.3,77.6,77.98,75
2021/6/9,HK,NA,0,27.9,87,19.2,71.3,77.6,77.98,75
2021/6/10,HK,NA,0,28.8,83,28.6,71.3,77.6,77.98,75
2021/6/11,HK,NA,0,29.1,82,39.1,71.3,77.6,77.98,75
2021/6/12,HK,NA,0,27.7,89,32,71.3,77.6,77.98,75
2021/6/13,HK,NA,0,28.9,85,21.9,71.3,77.6,77.98,75
2021/6/14,HK,NA,0,29.3,81,20,71.3,77.6,77.98,75
2021/6/15,HK,NA,0,29.6,79,24.2,71.3,77.6,77.98,75
2021/6/16,HK,NA,0,30.6,76,28.3,71.3,77.6,77.98,75
2021/6/17,HK,NA,0,30.4,77,24.9,71.3,77.6,77.98,75
2021/6/18,HK,NA,0,30.6,77,37.1,71.3,77.6,77.98,75
2021/6/19,HK,NA,0,30.6,77,37,71.3,77.6,77.98,75
2021/6/20,HK,NA,0,30.7,78,34.3,71.3,77.6,77.98,75
2021/6/21,HK,NA,0,30.4,80,32.4,71.3,77.6,77.98,75
2021/6/22,HK,NA,0,27,87,21.4,71.3,77.6,77.98,75
2021/6/23,HK,NA,0,26.4,88,16.8,71.3,77.6,77.98,75
2021/6/24,HK,NA,0,26,91,15.3,71.3,77.6,77.98,75
2021/6/25,HK,NA,0,27.1,87,12.6,71.3,77.6,77.98,75
2021/6/26,HK,NA,0,27.9,90,9.6,71.3,77.6,77.98,75
2021/6/27,HK,NA,0,29.4,84,29.8,71.3,77.6,77.98,75
2021/6/28,HK,NA,0,27.7,89,19.9,71.3,77.6,77.98,75
2021/6/29,HK,NA,0,29.6,82,32.2,71.3,77.6,77.98,75
2021/6/30,HK,NA,0,30.1,79,31.3,71.3,77.6,77.98,75
2021/7/1,HK,NA,0,30.3,78,29.6,71.3,77.6,77.98,75
2021/7/2,HK,NA,0,30.6,77,28.5,71.3,77.6,77.98,75
2021/7/3,HK,NA,0,30.4,79,20.5,71.3,77.6,77.98,75
2021/7/4,HK,NA,0,30.4,79,11.3,71.3,77.6,77.98,75
2021/7/5,HK,NA,0,30.2,79,24.8,71.3,77.6,77.98,75
2021/7/6,HK,NA,0,29.4,80,20.4,71.3,77.6,77.98,75
2021/7/7,HK,NA,0,29.4,81,28.9,71.3,77.6,77.98,75
2021/7/8,HK,NA,0,29.8,79,19.8,65.74,74.48,74.4,75
2021/7/9,HK,NA,0,30.5,76,7.2,65.74,74.48,74.4,75
2021/7/10,HK,NA,0,30.5,76,12.6,65.74,74.48,74.4,75
2021/7/11,HK,NA,0,30.6,77,11.6,65.74,74.48,74.4,75
2021/7/12,HK,NA,0,30.9,75,12.3,65.74,74.48,74.4,75
2021/7/13,HK,NA,0,31.1,72,8.6,65.74,74.48,74.4,75
2021/7/14,HK,NA,0,30.7,75,8,65.74,74.48,74.4,75
2021/7/15,HK,NA,0,31.3,71,10.9,65.74,74.48,74.4,75
2021/7/16,HK,NA,0,29.6,78,8.1,65.74,74.48,74.4,75
2021/7/17,HK,NA,0,28.8,80,19.7,65.74,74.48,74.4,75
2021/7/18,HK,NA,0,26.9,90,32.7,65.74,74.48,74.4,75
2021/7/19,HK,NA,0,26.5,93,42.8,65.74,74.48,74.4,75
2021/7/20,HK,NA,0,26.2,94,32,65.74,74.48,74.4,75
2021/7/21,HK,NA,0,26.8,94,25.1,65.74,74.48,74.4,75
2021/7/22,HK,NA,0,29.3,80,12,65.74,74.48,74.4,75
2021/7/23,HK,NA,0,30.3,77,16.4,65.74,74.48,74.4,75
2021/7/24,HK,NA,0,29.8,82,16.4,65.74,74.48,74.4,75
2021/7/25,HK,NA,0,29.6,81,18.8,65.74,74.48,74.4,75
2021/7/26,HK,NA,0,30.7,78,19.9,65.74,74.48,74.4,75
2021/7/27,HK,NA,0,31.3,75,20.2,65.74,74.48,74.4,75
2021/7/28,HK,NA,0,30.8,79,27.9,65.74,74.48,74.4,75
2021/7/29,HK,NA,0,29.5,82,12.3,65.74,74.48,74.4,75
2021/7/30,HK,NA,0,28.8,83,15,65.74,74.48,74.4,75
2021/7/31,HK,NA,0,29.7,84,31.2,65.74,74.48,74.4,75
2021/8/1,HK,NA,0,29.4,83,25.1,65.74,74.48,74.4,75
2021/8/2,HK,NA,0,30,80,17.2,65.74,74.48,74.4,75
2021/8/3,HK,NA,0,28.2,88,24,65.74,74.48,74.4,75
2021/8/4,HK,NA,0,28.2,85,22.4,65.74,74.48,74.4,75
2021/8/5,HK,NA,1,27.6,90,31,65.74,74.48,74.4,75
2021/8/6,HK,NA,0,28.3,89,28.5,65.74,74.48,74.4,75
2021/8/7,HK,NA,0,28.8,85,23.7,65.74,74.48,74.4,75
2021/8/8,HK,NA,0,29.3,85,18.3,65.74,74.48,74.4,75
2021/8/9,HK,NA,0,29.1,85,22,62.96,72.92,72.62,75
2021/8/10,HK,NA,0,29,87,14.8,62.96,72.92,72.62,75
2021/8/11,HK,NA,0,29.5,84,15,62.96,72.92,72.62,75
2021/8/12,HK,NA,0,29,82,8.5,62.96,72.92,72.62,75
2021/8/13,HK,NA,0,28.6,83,11.9,62.96,72.92,72.62,75
2021/8/14,HK,NA,0,28,85,19.8,62.96,72.92,72.62,75
2021/8/15,HK,NA,0,27.3,87,7.8,62.96,72.92,72.62,75
2021/8/16,HK,NA,0,28.3,83,7.9,62.96,72.92,72.62,75
2021/8/17,HK,NA,1,29.5,78,13.3,62.96,72.92,72.62,75
2021/8/18,HK,NA,0,29.5,77,13.1,62.96,72.92,72.62,75
2021/8/19,HK,NA,0,28.6,84,7.8,62.96,72.92,72.62,75
2021/8/20,HK,NA,0,29.5,77,11,62.96,72.92,72.62,75
2021/8/21,HK,NA,0,29.8,76,18.7,62.96,72.92,72.62,75
2021/8/22,HK,NA,0,30.1,74,21.3,62.96,72.92,72.62,75
2021/8/23,HK,NA,0,30.2,75,17.6,62.96,72.92,72.62,75
2021/8/24,HK,NA,0,29.6,79,9.8,62.96,72.92,72.62,75
2021/8/25,HK,NA,0,29.7,79,7.5,62.96,72.92,72.62,75
2021/8/26,HK,NA,0,29.7,80,7.8,62.96,72.92,72.62,75
2021/8/27,HK,NA,0,25.6,89,20.2,62.96,72.92,72.62,75
2021/8/28,HK,NA,0,26.9,81,16.2,62.96,72.92,72.62,75
2021/8/29,HK,NA,0,27.8,83,20.2,62.96,72.92,72.62,75
2021/8/30,HK,NA,0,29.1,81,15.5,62.96,72.92,72.62,75
2021/8/31,HK,NA,0,27.3,88,13.2,59.26,70.83,70.24,75
2021/9/1,HK,NA,0,28.7,85,21.2,59.26,70.83,70.24,75
2021/9/2,HK,NA,0,29.5,80,13.5,59.26,70.83,70.24,75
2021/9/3,HK,NA,0,29.8,79,7.1,59.26,70.83,70.24,75
2021/9/4,HK,NA,0,29.8,79,7.8,59.26,70.83,70.24,75
2021/9/5,HK,NA,0,29.8,79,8,59.26,70.83,70.24,75
2021/9/6,HK,NA,0,29.7,77,11.9,59.26,70.83,70.24,75
2021/9/7,HK,NA,0,30.1,78,24.3,59.26,70.83,70.24,75
2021/9/8,HK,NA,0,30.6,74,10.3,59.26,70.83,70.24,75
2021/9/9,HK,NA,0,30.1,73,10.4,59.26,70.83,70.24,75
2021/9/10,HK,NA,0,30.5,71,21,59.26,70.83,70.24,75
2021/9/11,HK,NA,0,30.5,75,16,59.26,70.83,70.24,75
2021/9/12,HK,NA,0,31.2,76,27.7,59.26,70.83,70.24,75
2021/9/13,HK,NA,0,30.9,77,19,59.26,70.83,70.24,75
2021/9/14,HK,NA,0,29,83,6.8,59.26,70.83,70.24,75
2021/9/15,HK,NA,0,30.2,75,18.2,59.26,70.83,70.24,75
2021/9/16,HK,NA,0,29.2,77,14.1,59.26,70.83,70.24,75
2021/9/17,HK,NA,0,29.5,77,7.5,59.26,70.83,70.24,75
2021/9/18,HK,NA,0,30.2,79,24.5,59.26,70.83,70.24,75
2021/9/19,HK,NA,0,29.3,86,22.3,59.26,70.83,70.24,75
2021/9/20,HK,NA,0,29.3,84,7.9,59.26,70.83,70.24,75
2021/9/21,HK,NA,0,29,82,8.5,59.26,70.83,70.24,75
2021/9/22,HK,NA,0,30.3,77,14.6,59.26,70.83,70.24,75
2021/9/23,HK,NA,0,28,87,30.7,59.26,70.83,70.24,75
2021/9/24,HK,NA,0,29.4,81,31.8,59.26,70.83,70.24,75
2021/9/25,HK,NA,0,29.6,76,35.2,59.26,70.83,70.24,75
2021/9/26,HK,NA,0,29.1,72,26,59.26,70.83,70.24,75
2021/9/27,HK,NA,0,29.5,75,16.3,59.26,70.83,70.24,75
2021/9/28,HK,NA,0,29.6,75,10.3,59.26,70.83,70.24,75
2021/9/29,HK,NA,0,29.7,77,13,59.26,70.83,70.24,75
2021/9/30,HK,NA,0,30.3,78,14.9,59.26,70.83,70.24,75
2021/10/1,HK,NA,0,30.3,79,12,59.26,70.83,70.24,75
2021/10/2,HK,NA,0,30,74,9.4,59.26,70.83,70.24,75
2021/10/3,HK,NA,0,28.8,79,25,59.26,70.83,70.24,75
2021/10/4,HK,NA,0,29.8,71,36.1,59.26,70.83,70.24,75
2021/10/5,HK,NA,0,30.1,69,43,59.26,70.83,70.24,75
2021/10/6,HK,NA,0,29.5,69,48.5,59.26,70.83,70.24,75
2021/10/7,HK,NA,0,28.8,75,56,59.26,70.83,70.24,75
2021/10/8,HK,NA,1,25.5,94,53.3,59.26,70.83,70.24,75
2021/10/9,HK,NA,0,26.5,91,58.8,59.26,70.83,70.24,75
2021/10/10,HK,NA,0,26.8,86,46.8,59.26,70.83,70.24,75
2021/10/11,HK,NA,0,28.5,68,35.1,59.26,70.83,70.24,75
2021/10/12,HK,NA,0,25.1,65,62.4,59.26,70.83,70.24,75
2021/10/13,HK,NA,0,25.8,89,61.4,59.26,70.83,70.24,75
2021/10/14,HK,NA,0,27.8,86,32.5,59.26,70.83,70.24,75
2021/10/15,HK,NA,0,26.2,85,26.9,59.26,70.83,70.24,75
2021/10/16,HK,NA,0,26.8,73,35.5,59.26,70.83,70.24,75
2021/10/17,HK,NA,0,24.2,68,40.8,59.26,70.83,70.24,75
2021/10/18,HK,NA,0,23.9,70,25,59.26,70.83,70.24,75
2021/10/19,HK,NA,0,25.7,75,20.5,59.26,70.83,70.24,75
2021/10/20,HK,NA,0,26.8,78,21.9,59.26,70.83,70.24,75
2021/10/21,HK,NA,0,24.2,80,20.3,59.26,70.83,70.24,75
2021/10/22,HK,NA,0,19.3,77,33.6,59.26,70.83,70.24,75
2021/10/23,HK,NA,0,20.5,75,24,59.26,70.83,70.24,75
2021/10/24,HK,NA,0,22.1,69,28.1,59.26,70.83,70.24,75
2021/10/25,HK,NA,0,23.1,66,25.5,59.26,70.83,70.24,75
2021/10/26,HK,NA,0,25.1,69,26.5,59.26,70.83,70.24,75
2021/10/27,HK,NA,0,25.6,76,32,52.78,67.19,66.07,75
2021/10/28,HK,NA,0,25.7,77,34,52.78,67.19,66.07,75
2021/10/29,HK,NA,0,25.5,76,32.1,52.78,67.19,66.07,75
2021/10/30,HK,NA,0,24.4,81,26.4,52.78,67.19,66.07,75
2021/10/31,HK,NA,0,24.3,75,34.2,52.78,67.19,66.07,75
2021/11/1,HK,NA,0,25.2,76,35.8,52.78,67.19,66.07,75
2021/11/2,HK,NA,0,25.1,76,37.1,52.78,67.19,66.07,75
2021/11/3,HK,NA,0,25.2,75,30.2,52.78,67.19,66.07,75
2021/11/4,HK,NA,0,25.5,78,25.3,52.78,67.19,66.07,75
2021/11/5,HK,NA,0,25.6,84,17,52.78,67.19,66.07,75
2021/11/6,HK,NA,0,26.4,79,6.7,52.78,67.19,66.07,75
2021/11/7,HK,NA,0,26.1,83,15.6,52.78,67.19,66.07,75
2021/11/8,HK,NA,0,20.1,61,45.3,52.78,67.19,66.07,75
2021/11/9,HK,NA,0,19.5,50,28.3,52.78,67.19,66.07,75
2021/11/10,HK,NA,0,20.5,41,25,52.78,67.19,66.07,75
2021/11/11,HK,NA,0,21.5,47,20.1,52.78,67.19,66.07,75
2021/11/12,HK,NA,0,22.6,51,21.4,52.78,67.19,66.07,75
2021/11/13,HK,NA,0,22.3,49,22.3,52.78,67.19,66.07,75
2021/11/14,HK,NA,0,21.6,59,24.1,52.78,67.19,66.07,75
2021/11/15,HK,NA,0,22.1,65,31.3,52.78,67.19,66.07,75
2021/11/16,HK,NA,0,23.2,71,25.3,52.78,67.19,66.07,75
2021/11/17,HK,NA,0,23.5,74,24.7,52.78,67.19,66.07,75
2021/11/18,HK,NA,0,22.4,69,13.3,52.78,67.19,66.07,75
2021/11/19,HK,NA,0,23,77,15.8,52.78,67.19,66.07,75
2021/11/20,HK,NA,0,23.7,77,33,52.78,67.19,66.07,75
2021/11/21,HK,NA,0,23.5,82,22.8,52.78,67.19,66.07,75
2021/11/22,HK,NA,0,19.6,76,31.3,52.78,67.19,66.07,75
2021/11/23,HK,NA,0,16.1,69,28.9,52.78,67.19,66.07,75
2021/11/24,HK,NA,0,19,65,20.6,52.78,67.19,66.07,75
2021/11/25,HK,NA,0,20.6,64,15.3,52.78,67.19,66.07,75
2021/11/26,HK,NA,0,21.6,64,25.3,52.78,67.19,66.07,75
2021/11/27,HK,NA,0,21.2,63,25.7,52.78,67.19,66.07,75
2021/11/28,HK,NA,0,21.6,69,26.5,52.78,67.19,66.07,75
2021/11/29,HK,NA,0,22.4,67,13.9,52.78,67.19,66.07,75
2021/11/30,HK,NA,0,21.3,59,39.1,55.56,68.75,67.86,75
2021/12/1,HK,NA,0,17.3,40,41,55.56,68.75,67.86,75
2021/12/2,HK,NA,0,17.4,42,25.2,55.56,68.75,67.86,75
2021/12/3,HK,NA,0,18,35,26.8,55.56,68.75,67.86,75
2021/12/4,HK,NA,0,18.1,46,29.8,55.56,68.75,67.86,75
2021/12/5,HK,NA,0,19.1,55,27.2,55.56,68.75,67.86,75
2021/12/6,HK,NA,0,19.2,59,21.4,55.56,68.75,67.86,75
2021/12/7,HK,NA,0,19.9,65,32.3,55.56,68.75,67.86,75
2021/12/8,HK,NA,0,20.1,67,42.5,55.56,68.75,67.86,75
2021/12/9,HK,NA,0,20.2,72,25.5,55.56,68.75,67.86,75
2021/12/10,HK,NA,0,20.9,73,29.8,55.56,68.75,67.86,75
2021/12/11,HK,NA,0,21.4,74,27.7,55.56,68.75,67.86,75
2021/12/12,HK,NA,0,21.5,75,19.4,55.56,68.75,67.86,75
2021/12/13,HK,NA,0,19.4,67,23.5,55.56,68.75,67.86,75
2021/12/14,HK,NA,0,20.5,72,21.8,55.56,68.75,67.86,75
2021/12/15,HK,NA,0,21.5,78,26.3,55.56,68.75,67.86,75
2021/12/16,HK,NA,0,23.2,81,23.8,55.56,68.75,67.86,75
2021/12/17,HK,NA,0,21.7,69,33,55.56,68.75,67.86,75
2021/12/18,HK,NA,0,18.1,58,32.2,55.56,68.75,67.86,75
2021/12/19,HK,NA,0,17.9,51,36,55.56,68.75,67.86,75
2021/12/20,HK,NA,0,17.2,78,45.5,55.56,68.75,67.86,75
2021/12/21,HK,NA,0,17.3,88,35,55.56,68.75,67.86,75
2021/12/22,HK,NA,0,19.3,80,15.8,55.56,68.75,67.86,75
2021/12/23,HK,NA,0,19.9,77,25.4,55.56,68.75,67.86,75
2021/12/24,HK,NA,0,19.9,84,9.5,55.56,68.75,67.86,75
2021/12/25,HK,NA,0,19.6,75,32.3,55.56,68.75,67.86,75
2021/12/26,HK,NA,0,15,78,35,55.56,68.75,67.86,75
2021/12/27,HK,NA,0,12,81,31.3,55.56,68.75,67.86,75
2021/12/28,HK,NA,0,15.3,74,21.8,55.56,68.75,67.86,75
2021/12/29,HK,NA,0,18.4,74,12.6,55.56,68.75,67.86,75
2021/12/30,HK,NA,0,18.1,77,19.7,55.56,68.75,67.86,75
2021/12/31,HK,NA,2,18,78,30.1,55.56,68.75,67.86,75
2022/1/1,HK,NA,1,17.6,76,24.4,55.56,68.75,67.86,75
2022/1/2,HK,NA,1,18.4,77,15.1,55.56,68.75,67.86,75
2022/1/3,HK,NA,1,18.3,79,25.1,55.56,68.75,67.86,75
2022/1/4,HK,NA,3,19.1,75,29.6,55.56,68.75,67.86,75
2022/1/5,HK,NA,4,20.4,75,13.8,55.56,68.75,67.86,75
2022/1/6,HK,NA,5,20.3,80,21.6,55.56,68.75,67.86,75
2022/1/7,HK,NA,7,18.6,79,31.5,62.04,72.4,72.02,75
2022/1/8,HK,NA,7,17.8,75,20.7,62.04,72.4,72.02,75
2022/1/9,HK,NA,6,18,79,18.8,62.04,72.4,72.02,75
2022/1/10,HK,NA,5,18.4,76,21.3,62.04,72.4,72.02,75
2022/1/11,HK,NA,8,15.8,70,30.4,65.74,74.48,74.4,75
2022/1/12,HK,NA,6,16.1,72,28.8,65.74,74.48,74.4,75
2022/1/13,HK,NA,5,17,64,21.8,65.74,74.48,74.4,75
2022/1/14,HK,NA,3,16.6,75,34.7,65.74,74.48,74.4,75
2022/1/15,HK,NA,2,17.9,82,28.9,65.74,74.48,74.4,75
2022/1/16,HK,NA,3,18.8,82,25.9,65.74,74.48,74.4,75
2022/1/17,HK,NA,4,17.8,84,27.3,65.74,74.48,74.4,75
2022/1/18,HK,NA,11,17.3,82,18.4,65.74,74.48,74.4,75
2022/1/19,HK,NA,7,17.1,70,16.8,65.74,76.04,76.19,75
2022/1/20,HK,NA,10,17.6,73,25.6,65.74,76.04,76.19,75
2022/1/21,HK,NA,18,17.9,80,36.9,65.74,76.04,76.19,75
2022/1/22,HK,NA,24,17.3,91,32.8,65.74,76.04,76.19,75
2022/1/23,HK,NA,125,19.4,84,15.3,65.74,76.04,76.19,75
2022/1/24,HK,NA,98,19.7,88,18.6,65.74,76.04,76.19,75
2022/1/25,HK,NA,94,18.6,82,26.9,65.74,76.04,76.19,75
2022/1/26,HK,NA,100,19.2,83,26.5,65.74,76.04,76.19,75
2022/1/27,HK,NA,116,19.8,84,19.3,65.74,76.04,76.19,75
2022/1/28,HK,NA,111,18.8,86,32.7,65.74,76.04,76.19,75
2022/1/29,HK,NA,84,18.1,81,17.7,65.74,76.04,76.19,75
2022/1/30,HK,NA,77,16,64,26.1,65.74,76.04,76.19,75
2022/1/31,HK,NA,80,14.6,70,35,65.74,76.04,76.19,75
2022/2/1,HK,NA,102,14.3,84,27.4,65.74,76.04,76.19,75
2022/2/2,HK,NA,103,15.6,88,28.5,65.74,76.04,76.19,75
2022/2/3,HK,NA,121,13.4,85,19.1,65.74,76.04,76.19,75
2022/2/4,HK,NA,130,14.4,69,25.2,65.74,76.04,76.19,75
2022/2/5,HK,NA,342,15.2,69,26.5,65.74,76.04,76.19,75
2022/2/6,HK,NA,342,16,75,38.8,65.74,76.04,76.19,75
2022/2/7,HK,NA,607,16.4,85,33.5,65.74,76.04,76.19,75
2022/2/8,HK,NA,621,17.1,78,24.7,65.74,76.04,76.19,75
2022/2/9,HK,NA,1153,16.1,77,25.1,65.74,76.04,76.19,75
2022/2/10,HK,NA,985,17,81,24.8,65.74,76.04,76.19,75
2022/2/11,HK,NA,1323,18.6,81,27.3,65.74,76.04,76.19,75
2022/2/12,HK,NA,1509,18.7,83,16.4,65.74,76.04,76.19,75
2022/2/13,HK,NA,1345,17.2,86,22.8,65.74,76.04,76.19,75
2022/2/14,HK,NA,2052,17,75,19.2,65.74,76.04,76.19,75
2022/2/15,HK,NA,1619,17.6,77,23.4,65.74,76.04,76.19,75
2022/2/16,HK,NA,4264,16.9,77,38,71.3,79.17,79.76,75
2022/2/17,HK,NA,6107,15.6,86,47,71.3,79.17,79.76,75
2022/2/18,HK,NA,3627,15.9,84,42.9,71.3,79.17,79.76,75
2022/2/19,HK,NA,6059,12.4,92,38.7,71.3,79.17,79.76,75
2022/2/20,HK,NA,6055,8.5,94,42.1,71.3,79.17,79.76,75
2022/2/21,HK,NA,7530,8.8,95,31.5,71.3,79.17,79.76,75
2022/2/22,HK,NA,6208,10.7,96,25,71.3,79.17,79.76,75
2022/2/23,HK,NA,8671,12.1,77,29.3,71.3,79.17,79.76,75
2022/2/24,HK,NA,8795,12.6,72,17.3,71.3,79.17,79.76,75
2022/2/25,HK,NA,10006,15.3,70,14.7,71.3,79.17,79.76,75
2022/2/26,HK,NA,44893,16.8,76,10.1,71.3,79.17,79.76,75
2022/2/27,HK,NA,32352,17.6,79,15.6,71.3,79.17,79.76,75
2022/2/28,HK,NA,34462,18.9,70,23,71.3,79.17,79.76,75
2022/3/1,HK,NA,32592,22,77,9.2,71.3,79.17,79.76,75
2022/3/2,HK,NA,55326,20.7,83,12,71.3,79.17,79.76,75
2022/3/3,HK,NA,56825,19.5,76,26,71.3,79.17,79.76,75
2022/3/4,HK,NA,52512,21.3,77,12.5,71.3,79.17,79.76,75
2022/3/5,HK,NA,37523,20.6,84,13.4,71.3,79.17,79.76,75
2022/3/6,HK,NA,31006,19.1,77,34.5,71.3,79.17,79.76,75
2022/3/7,HK,NA,25118,19.8,70,23,75,81.25,82.14,75
2022/3/8,HK,NA,28466,17.5,53,26.7,75,81.25,82.14,75
2022/3/9,HK,NA,25984,18.7,57,27,75,81.25,82.14,75
2022/3/10,HK,NA,24380,20.7,60,20.6,75,81.25,82.14,75
2022/3/11,HK,NA,18884,22.1,71,13.8,75,81.25,82.14,75
2022/3/12,HK,NA,15788,22.3,68,14.8,75,81.25,82.14,75
2022/3/13,HK,NA,13332,23.6,75,12.7,75,81.25,82.14,75
2022/3/14,HK,NA,12040,24.1,78,8.5,75,81.25,82.14,75
2022/3/15,HK,NA,11952,23.8,80,8.7,75,81.25,82.14,75
2022/3/16,HK,NA,14443,22.3,79,22.4,75,81.25,82.14,75
2022/3/17,HK,NA,8619,24.3,85,9.7,75,81.25,82.14,75
2022/3/18,HK,NA,7963,24.4,84,6.3,75,81.25,82.14,75
2022/3/19,HK,NA,7514,23.3,85,17.8,75,81.25,82.14,75
2022/3/20,HK,NA,5872,21,88,30.5,75,81.25,82.14,75
2022/3/21,HK,NA,4518,22.1,89,19,75,81.25,82.14,75
2022/3/22,HK,NA,4286,23,93,15.2,75,81.25,82.14,75
2022/3/23,HK,NA,4246,17.7,94,26.3,75,81.25,82.14,75
2022/3/24,HK,NA,5731,17.6,91,37.3,75,81.25,82.14,75
2022/3/25,HK,NA,4574,23.1,90,25.8,75,81.25,82.14,75
2022/3/26,HK,NA,3878,26.4,86,26.3,75,81.25,82.14,75
2022/3/27,HK,NA,3553,21.9,83,22.5,75,81.25,82.14,75
2022/3/28,HK,NA,3222,17.5,89,28.5,75,81.25,82.14,75
2022/3/29,HK,NA,3162,19.1,82,32,75,81.25,82.14,75
2022/3/30,HK,NA,2989,22.4,74,22.3,75,81.25,82.14,75
2022/3/31,HK,NA,2852,24.4,69,24.4,75,81.25,82.14,75
2022/4/1,HK,NA,2740,19,83,43.1,75,81.25,82.14,75
2022/4/2,HK,NA,2268,15,76,40.3,75,81.25,82.14,75
2022/4/3,HK,NA,1822,18.7,54,29.4,75,81.25,82.14,75
2022/4/4,HK,NA,1577,20.1,53,35.6,75,81.25,82.14,75
2022/4/5,HK,NA,1642,21.3,64,17.3,75,81.25,82.14,75
2022/4/6,HK,NA,1482,22.3,70,12.9,75,81.25,82.14,75
2022/4/7,HK,NA,1359,22.8,68,15.9,75,81.25,82.14,75
2022/4/8,HK,NA,1224,23.6,50,16.1,75,81.25,82.14,75
2022/4/9,HK,NA,886,23.1,65,16.7,75,81.25,82.14,75
2022/4/10,HK,NA,875,23.8,67,13.5,75,81.25,82.14,75
2022/4/11,HK,NA,689,25.5,74,5.3,75,81.25,82.14,75
2022/4/12,HK,NA,724,25.7,77,8.9,75,81.25,82.14,75
2022/4/13,HK,NA,724,25.3,81,10,75,81.25,82.14,75
2022/4/14,HK,NA,556,25.5,69,9.9,75,81.25,82.14,75
2022/4/15,HK,NA,462,24.3,69,37.9,75,81.25,82.14,75
2022/4/16,HK,NA,438,21.8,73,45.6,75,81.25,82.14,75
2022/4/17,HK,NA,436,21.4,72,37.1,75,81.25,82.14,75
2022/4/18,HK,NA,303,21.7,76,24.3,75,81.25,82.14,75
2022/4/19,HK,NA,311,20.1,83,17.3,71.3,79.17,79.76,75
2022/4/20,HK,NA,320,21.9,75,15.6,71.3,79.17,79.76,75
2022/4/21,HK,NA,298,23.9,78,11.5,60.19,72.92,72.62,75
2022/4/22,HK,NA,281,24.8,84,9.8,60.19,72.92,72.62,75
2022/4/23,HK,NA,244,26.4,81,4.5,60.19,72.92,72.62,75
2022/4/24,HK,NA,205,27.2,79,8.1,60.19,72.92,72.62,75
2022/4/25,HK,NA,231,27.9,79,13.7,60.19,72.92,72.62,75
2022/4/26,HK,NA,195,27.7,80,10.8,60.19,72.92,72.62,75
2022/4/27,HK,NA,211,28.4,78,8.5,60.19,72.92,72.62,75
2022/4/28,HK,NA,187,28.4,79,10.9,60.19,72.92,72.62,75
2022/4/29,HK,NA,185,28.2,79,9.7,60.19,72.92,72.62,75
2022/4/30,HK,NA,167,25.4,85,28.3,60.19,72.92,72.62,75
2022/5/1,HK,NA,103,20.7,89,41.7,57.91,71.63,71.15,75
2022/5/2,HK,NA,112,18.5,84,32,57.91,71.63,71.15,75
2022/5/3,HK,NA,115,22.3,62,25.2,57.9,71.63,71.15,75
2022/5/4,HK,NA,98,24.6,63,28.5,57.9,71.63,71.14,75
2022/5/5,HK,NA,133,25.2,73,18.7,54.19,69.54,68.76,75
2022/5/6,HK,NA,121,25.5,76,16.6,54.18,69.54,68.76,75
2022/5/7,HK,NA,98,25.4,77,19.6,54.18,69.54,68.76,75
2022/5/8,HK,NA,90,25,70,29.9,54.17,69.54,68.76,75
2022/5/9,HK,NA,96,25.6,75,22.4,54.17,69.54,68.75,75
2022/5/10,HK,NA,121,25.7,88,21.6,54.17,69.53,68.75,75
2022/5/11,HK,NA,109,25,95,26.5,54.17,69.53,68.75,75
2022/5/12,HK,NA,97,25.8,91,29.8,54.17,69.53,68.75,75
2022/5/13,HK,NA,113,25.5,92,23.4,54.16,69.53,68.75,75
2022/5/14,HK,NA,92,24.6,93,23.2,54.16,69.53,68.75,75
2022/5/15,HK,NA,87,22.6,91,42.5,54.16,69.53,68.75,75
2022/5/16,HK,NA,74,20,85,30.3,50.46,67.45,66.36,75
2022/5/17,HK,NA,133,22.4,72,24.3,50.46,67.45,66.36,75
2022/5/18,HK,NA,108,23.9,52,36,50.45,67.44,66.36,75
2022/5/19,HK,NA,82,25.8,64,22.6,47.35,65.69,64.37,75
2022/5/20,HK,NA,81,26.9,76,11,47.35,65.69,64.36,75
2022/5/21,HK,NA,89,26.9,78,11,47.34,65.69,64.36,75
2022/5/22,HK,NA,76,25,83,36.7,47.34,65.68,64.36,75
2022/5/23,HK,NA,69,24,90,38.8,47.33,65.68,64.35,75
2022/5/24,HK,NA,61,24.4,93,33.9,47.33,59.43,64.35,25
2022/5/25,HK,NA,21,25.3,91,19.2,47.32,59.43,64.35,25
2022/5/26,HK,NA,31,26.7,88,11.2,47.32,59.42,64.35,25
2022/5/27,HK,NA,22,27.4,89,18.5,47.31,59.42,64.34,25
2022/5/28,HK,NA,24,28.7,81,16,47.31,59.42,64.34,25
2022/5/29,HK,NA,30,29.1,79,16.2,47.31,59.42,64.34,25
2022/5/30,HK,NA,40,29.2,78,11.8,47.3,59.41,64.33,25
2022/5/31,HK,NA,25,28.2,82,11.5,47.3,59.41,64.33,25
2022/6/1,HK,NA,22,28.7,81,17.7,47.29,59.41,64.33,25
2022/6/2,HK,NA,49,28.8,80,23.9,47.29,59.41,64.33,25
2022/6/3,HK,NA,42,29.2,81,29.8,47.28,59.4,64.32,25
2022/6/4,HK,NA,49,29.6,78,33.3,47.28,59.4,64.32,25
2022/6/5,HK,NA,31,29.6,78,32.5,47.28,59.4,64.32,25
2022/6/6,HK,NA,65,28.9,83,27,47.27,59.4,64.32,25
2022/6/7,HK,NA,45,27.4,86,20.8,47.27,59.4,64.31,25
2022/6/8,HK,NA,41,25.8,93,17.8,47.27,59.4,64.31,25
2022/6/9,HK,NA,272,26.3,90,16.3,47.27,59.39,64.31,25
2022/6/10,HK,NA,244,26.1,92,18.3,47.26,59.39,64.31,25
2022/6/11,HK,NA,297,26.8,89,17.4,47.26,59.39,64.31,25
2022/6/12,HK,NA,277,28.4,84,27.5,47.25,59.39,64.3,25
2022/6/13,HK,NA,226,28.9,80,30.6,47.25,59.38,64.3,25
2022/6/14,HK,NA,348,27.4,87,24.8,47.25,59.38,64.3,25
2022/6/15,HK,NA,477,26.7,88,8,47.24,59.38,64.3,25
2022/6/16,HK,NA,423,27.6,84,15.5,47.24,59.38,64.29,25
2022/6/17,HK,NA,379,29,79,26.3,47.23,59.38,64.29,25
2022/6/18,HK,NA,436,28.8,81,27.3,47.23,59.37,64.29,25
2022/6/19,HK,NA,416,29.3,81,28,47.23,59.37,64.29,25
2022/6/20,HK,NA,435,29.2,80,29.5,47.22,59.37,64.28,25
2022/6/21,HK,NA,429,29.4,80,23.7,47.22,59.37,64.28,25
2022/6/22,HK,NA,583,29.5,78,14.7,47.22,59.37,64.28,25
2022/6/23,HK,NA,559,30,74,12.4,47.21,59.37,64.28,25
2022/6/24,HK,NA,610,30,73,10.7,47.21,59.36,64.28,25
2022/6/25,HK,NA,620,29.6,74,15,47.21,59.36,64.27,25
2022/6/26,HK,NA,642,30,74,11.9,47.21,59.36,64.27,25
2022/6/27,HK,NA,609,30.1,73,11.6,47.2,59.36,64.27,25
2022/6/28,HK,NA,603,30.6,71,7.8,47.2,59.36,64.27,25
2022/6/29,HK,NA,788,30.2,78,21.4,47.2,59.36,64.27,25
2022/6/30,HK,NA,823,27.5,89,31.9,47.19,59.35,64.27,25
2022/7/1,HK,NA,761,27.2,85,59.3,47.19,59.35,64.27,25
2022/7/2,HK,NA,714,26.9,89,57.8,47.19,59.35,64.27,25
2022/7/3,HK,NA,437,29,82,47.9,47.19,59.35,64.26,25
2022/7/4,HK,NA,276,28.8,83,44.8,47.19,59.35,64.26,25
2022/7/5,HK,NA,771,29,82,34.8,47.19,59.35,64.26,25
2022/7/6,HK,NA,1021,28.8,81,22.5,47.19,59.35,64.26,25
2022/7/7,HK,NA,948,28.7,86,19.6,47.18,59.35,64.26,25
2022/7/8,HK,NA,1035,30,79,17,47.18,59.35,64.26,25
2022/7/9,HK,NA,1104,29.9,81,23.8,47.18,59.34,64.26,25
2022/7/10,HK,NA,1194,30.5,77,13.7,47.18,59.34,64.25,25
2022/7/11,HK,NA,1066,30.9,73,9.2,47.17,59.34,64.25,25
2022/7/12,HK,NA,1103,31.1,72,10.2,47.17,59.34,64.25,25
2022/7/13,HK,NA,1414,31,71,11.9,47.17,59.34,64.25,25
2022/7/14,HK,NA,1365,30.4,75,11.3,47.17,59.34,64.25,25
2022/7/15,HK,NA,1393,30.4,77,16.2,47.17,59.34,64.25,25
2022/7/16,HK,NA,1408,30.5,77,31.3,47.16,59.34,64.25,25
2022/7/17,HK,NA,1313,30.5,76,33.1,47.16,59.34,64.25,25
2022/7/18,HK,NA,1185,30.4,78,25.5,47.16,60.9,62.45,50
2022/7/19,HK,NA,1217,30.8,75,19.5,47.16,60.9,62.45,50
2022/7/20,HK,NA,1515,30.8,76,22,47.16,60.9,62.45,50
2022/7/21,HK,NA,1496,30.9,74,12.9,47.16,60.9,62.45,50
2022/7/22,HK,NA,1522,31.2,72,11.7,47.15,60.9,62.45,50
2022/7/23,HK,NA,1387,31.4,74,18.7,47.15,60.9,62.45,50
2022/7/24,HK,NA,1564,32,72,18.3,47.15,60.9,62.45,50
2022/7/25,HK,NA,1449,32,74,15.9,47.15,60.9,62.45,50
2022/7/26,HK,NA,1595,31.2,71,12.8,47.15,60.9,62.45,50
2022/7/27,HK,NA,1763,31,69,16.9,47.15,60.9,62.45,50
2022/7/28,HK,NA,1786,31.2,73,17.3,47.15,60.9,62.44,50
2022/7/29,HK,NA,1751,31.7,74,14.9,47.14,60.89,62.44,50
2022/7/30,HK,NA,1557,29.5,81,8.8,47.14,60.89,62.44,50
2022/7/31,HK,NA,1590,30.8,76,16,47.14,60.89,62.44,50
2022/8/1,HK,NA,1486,31.4,69,12.7,47.14,60.89,62.44,50
2022/8/2,HK,NA,1430,31.1,70,10.7,47.14,60.89,62.44,50
2022/8/3,HK,NA,1711,28.2,82,14.5,47.14,60.89,62.44,50
2022/8/4,HK,NA,1708,27.1,86,19.6,47.14,60.89,62.44,50
2022/8/5,HK,NA,1422,26.1,94,15.1,47.13,60.89,62.44,50
2022/8/6,HK,NA,1468,27.9,89,18.5,47.13,60.89,62.44,50
2022/8/7,HK,NA,1410,29.6,82,27.3,47.13,60.89,62.43,50
2022/8/8,HK,NA,1428,28.3,87,27.9,47.13,60.89,62.43,50
2022/8/9,HK,NA,1439,26.7,88,50.9,47.13,60.88,62.43,50
2022/8/10,HK,NA,1716,27.4,90,44.4,47.13,60.88,62.43,50
2022/8/11,HK,NA,1289,26.7,90,25.8,47.12,60.88,62.43,50
2022/8/12,HK,NA,1263,26.1,93,14.3,47.12,60.88,62.43,50
2022/8/13,HK,NA,1839,28.7,81,6.2,47.12,60.88,62.43,50
2022/8/14,HK,NA,1534,29.5,78,4.7,47.12,60.88,62.43,50
2022/8/15,HK,NA,1594,30,78,5.8,47.12,60.88,62.43,50
2022/8/16,HK,NA,1734,29.4,82,16.4,47.12,60.88,62.42,50
2022/8/17,HK,NA,2167,28.2,86,18.1,47.11,60.88,62.42,50
2022/8/18,HK,NA,2184,28.1,87,10.8,47.11,60.88,62.42,50
2022/8/19,HK,NA,2167,28.3,85,16.1,47.11,60.87,62.42,50
2022/8/20,HK,NA,2093,28.2,83,30.6,47.11,60.87,62.42,50
2022/8/21,HK,NA,2239,29,84,18.6,47.11,60.87,62.42,50
2022/8/22,HK,NA,2236,30.1,77,18.1,47.1,60.87,62.42,50
2022/8/23,HK,NA,2192,31.1,77,11.6,47.1,60.87,62.42,50
2022/8/24,HK,NA,2934,30.8,73,36.5,47.1,60.87,62.41,50
2022/8/25,HK,NA,2960,27.2,85,39.6,47.1,60.87,62.41,50
2022/8/26,HK,NA,2208,29.4,80,13.8,47.09,60.87,62.41,50
2022/8/27,HK,NA,1816,29.7,78,14.8,47.09,60.86,62.41,50
2022/8/28,HK,NA,2930,30.5,80,12.1,47.09,60.86,62.41,50
2022/8/29,HK,NA,2525,30.1,78,10.3,47.08,60.86,62.4,50
2022/8/30,HK,NA,2662,29.5,80,4.9,47.08,60.86,62.4,50
2022/8/31,HK,NA,3054,29.7,80,4.7,47.08,60.86,62.4,50
2022/9/1,HK,NA,3091,29.4,78,9.5,47.08,60.86,62.4,50
2022/9/2,HK,NA,2818,29.5,63,24.8,47.07,60.85,62.4,50
2022/9/3,HK,NA,3051,30,54,18.3,47.07,60.85,62.39,50
2022/9/4,HK,NA,2937,30.8,55,13.7,47.06,60.85,62.39,50
2022/9/5,HK,NA,2682,31.1,52,11.7,47.06,60.85,62.39,50
2022/9/6,HK,NA,2418,30.8,61,11,47.06,60.85,62.39,50
2022/9/7,HK,NA,2918,28.4,81,35.5,47.05,60.84,62.39,50
2022/9/8,HK,NA,2825,29.5,70,22.8,47.05,60.84,62.38,50
2022/9/9,HK,NA,2629,29.6,55,10.6,47.05,60.84,62.38,50
2022/9/10,HK,NA,2277,28.9,76,11,48.89,61.88,63.58,50
2022/9/11,HK,NA,2236,29.4,78,13.2,48.89,61.87,63.57,50
2022/9/12,HK,NA,1876,30.8,66,10.3,48.89,61.87,63.57,50
2022/9/13,HK,NA,1934,31.7,56,12.8,48.88,61.87,63.57,50
2022/9/14,HK,NA,2139,31.7,46,18.1,48.88,61.87,63.57,50
2022/9/15,HK,NA,2323,31.3,52,9.4,48.88,61.87,63.57,50
2022/9/16,HK,NA,2185,30.8,63,7.9,48.87,61.86,63.56,50
2022/9/17,HK,NA,1878,31.1,69,12.1,48.87,61.86,63.56,50
2022/9/18,HK,NA,1750,30.1,77,21.2,48.86,61.86,63.56,50
2022/9/19,HK,NA,1479,28.8,77,13.8,48.86,61.86,63.56,50
2022/9/20,HK,NA,1348,28.9,79,26.6,48.86,61.86,63.55,50
2022/9/21,HK,NA,1586,28.1,72,35.3,48.86,61.86,63.55,50
2022/9/22,HK,NA,1466,28.5,73,24.8,48.85,61.86,63.55,50
2022/9/23,HK,NA,1315,28.5,77,16,48.85,61.85,63.55,50
2022/9/24,HK,NA,1168,28.3,71,35.7,48.85,61.85,63.55,50
2022/9/25,HK,NA,1084,28.8,71,22.9,48.85,61.85,63.55,50
2022/9/26,HK,NA,1002,29.4,70,30.8,48.84,61.85,63.55,50
2022/9/27,HK,NA,937,29.2,72,49.7,48.84,61.85,63.54,50
2022/9/28,HK,NA,1089,28.8,73,49.1,48.84,61.85,63.54,50
2022/9/29,HK,NA,1024,28,81,38.6,48.84,61.85,63.54,50
2022/9/30,HK,NA,1032,26.4,91,28.8,48.83,61.84,63.54,50
2022/10/1,HK,NA,914,27.7,86,27.9,48.83,61.84,63.54,50
2022/10/2,HK,NA,864,28.9,81,30.2,48.83,61.84,63.54,50
2022/10/3,HK,NA,858,29.5,76,16.9,48.83,61.84,63.53,50
2022/10/4,HK,NA,878,29.4,76,9.3,48.83,61.84,63.53,50
2022/10/5,HK,NA,1091,29.1,75,26,48.82,61.84,63.53,50
2022/10/6,HK,NA,1075,28.9,74,33.2,48.82,61.84,63.53,50
2022/10/7,HK,NA,1046,28.3,77,31.7,48.82,61.84,63.53,50
2022/10/8,HK,NA,1114,27.7,71,30.7,48.82,61.84,63.53,50
2022/10/9,HK,NA,1195,27.1,71,32,48.82,61.84,63.53,50
2022/10/10,HK,NA,1172,24,51,43.6,48.82,61.83,63.53,50
2022/10/11,HK,NA,1006,24.1,48,24.3,48.82,61.83,63.53,50
2022/10/12,HK,NA,1377,25.2,50,23.5,48.82,61.83,63.53,50
2022/10/13,HK,NA,1276,26,60,26.2,48.81,61.83,63.53,50
2022/10/14,HK,NA,1256,26.9,66,29,48.81,61.83,63.53,50
2022/10/15,HK,NA,1312,27.5,53,21.3,48.81,61.83,63.52,50
2022/10/16,HK,NA,1454,28.3,46,39.1,48.81,61.83,63.52,50
2022/10/17,HK,NA,1344,27.2,45,53.8,48.81,61.83,63.52,50
2022/10/18,HK,NA,1128,20.9,67,49.8,48.81,61.83,63.52,50
2022/10/19,HK,NA,1252,23,54,46.8,48.81,61.83,63.52,50
2022/10/20,HK,NA,931,24.3,64,48.5,40.47,57.14,58.16,50
2022/10/21,HK,NA,1183,25.2,68,31.9,40.47,57.14,58.16,50
2022/10/22,HK,NA,1626,26.6,67,11.9,40.47,57.14,58.16,50
2022/10/23,HK,NA,1350,26.5,71,23,40.46,57.14,58.16,50
2022/10/24,HK,NA,1297,25.2,68,45.5,40.46,57.14,58.16,50
2022/10/25,HK,NA,1183,23.8,63,51,40.46,57.14,58.16,50
2022/10/26,HK,NA,1528,23.9,66,34.3,40.46,57.14,58.16,50
2022/10/27,HK,NA,1472,24.6,70,25.8,40.46,57.14,58.16,50
2022/10/28,HK,NA,1482,25.5,68,24.8,40.46,57.14,58.16,50
2022/10/29,HK,NA,1244,25.7,65,18.3,40.46,57.14,58.16,50
2022/10/30,HK,NA,1271,25.4,57,30.9,42.32,61.3,59.35,75
2022/10/31,HK,NA,1152,25.4,50,49.8,42.32,61.3,59.35,75
2022/11/1,HK,NA,1052,22,64,57.7,42.32,61.3,59.35,75
2022/11/2,HK,NA,1223,20.2,86,56.7,42.32,61.3,59.35,75
2022/11/3,HK,NA,1048,22.1,93,29.3,42.32,61.3,59.35,75
2022/11/4,HK,NA,590,22.6,87,47.5,42.31,61.3,59.34,75
2022/11/5,HK,NA,1213,21.5,79,36.6,42.31,61.3,59.34,75
2022/11/6,HK,NA,1002,20.8,84,29.3,42.31,61.3,59.34,75
2022/11/7,HK,NA,1069,21.5,85,19.8,42.31,61.3,59.34,75
2022/11/8,HK,NA,948,22.4,85,28.4,42.31,61.3,59.34,75
2022/11/9,HK,NA,1311,23.8,77,18.4,42.31,61.3,59.34,75
2022/11/10,HK,NA,1185,24.8,78,14.3,42.31,61.3,59.34,75
2022/11/11,HK,NA,1210,25,77,20,42.31,61.3,59.34,75
2022/11/12,HK,NA,1266,24.6,79,17.1,42.31,61.3,59.34,75
2022/11/13,HK,NA,1385,24.8,81,14.8,42.31,61.3,59.34,75
2022/11/14,HK,NA,1254,24.1,79,31.9,42.31,61.3,59.34,75
2022/11/15,HK,NA,1226,24.3,78,24,42.31,61.3,59.34,75
2022/11/16,HK,NA,1638,24.1,80,31.4,42.31,61.3,59.34,75
2022/11/17,HK,NA,1720,24.5,80,20.3,42.31,61.3,59.34,75
2022/11/18,HK,NA,1632,24.6,80,21.9,42.31,61.3,59.34,75
2022/11/19,HK,NA,1487,25.1,77,19.7,42.31,61.3,59.34,75
2022/11/20,HK,NA,1544,24.7,78,24.2,42.31,61.3,59.34,75
2022/11/21,HK,NA,1384,23.9,78,41.5,42.31,61.3,59.34,75
2022/11/22,HK,NA,1489,23.4,86,37.2,42.31,61.3,59.34,75
2022/11/23,HK,NA,1825,23.4,91,32.6,42.31,61.3,59.34,75
2022/11/24,HK,NA,1775,21.8,93,38.8,42.31,61.3,59.34,75
2022/11/25,HK,NA,1657,22.3,92,25.6,42.31,61.3,59.34,75
2022/11/26,HK,NA,1614,22.7,88,20.7,42.31,61.3,59.34,75
2022/11/27,HK,NA,1571,23.1,90,25.9,42.31,61.3,59.34,75
2022/11/28,HK,NA,1489,25.6,88,10.5,42.31,61.3,59.34,75
2022/11/29,HK,NA,1555,25.5,85,10.7,42.31,61.3,59.34,75
2022/11/30,HK,NA,2014,22.8,82,23.4,42.31,61.3,59.34,75
2022/12/1,HK,NA,1930,16.5,72,31.9,42.31,61.3,59.34,75
2022/12/2,HK,NA,1939,16.5,69,25,42.31,61.3,59.34,75
2022/12/3,HK,NA,1917,19.2,73,15.3,42.31,61.3,59.34,75
2022/12/4,HK,NA,2016,21.2,74,19,42.31,61.3,59.34,75
2022/12/5,HK,NA,1977,17.9,66,32.3,42.31,61.3,59.34,75
2022/12/6,HK,NA,2357,17.1,68,23.5,42.31,61.3,59.34,75
2022/12/7,HK,NA,3197,18.7,68,22.6,42.31,61.3,59.34,75
2022/12/8,HK,NA,3001,19.9,72,16.3,42.31,61.3,59.34,75
2022/12/9,HK,NA,2986,19.6,67,21.3,42.31,61.3,59.34,75
2022/12/10,HK,NA,3036,18.4,61,27.7,42.31,61.3,59.34,75
2022/12/11,HK,NA,2950,16.7,60,34,42.31,61.3,59.34,75
2022/12/12,HK,NA,2747,16.2,61,38.1,42.31,61.3,59.34,75
2022/12/13,HK,NA,2545,14.5,71,29.8,42.31,61.3,59.34,75
2022/12/14,HK,NA,3256,12.5,91,33.3,42.31,61.3,59.34,75
2022/12/15,HK,NA,3000,14.6,91,24.3,42.31,61.3,59.34,75
2022/12/16,HK,NA,2872,16.9,90,27.4,42.31,61.3,59.34,75
2022/12/17,HK,NA,2797,13.2,60,61.2,42.31,61.3,59.34,75
2022/12/18,HK,NA,3009,11.8,30,41.9,42.31,61.3,59.34,75
2022/12/19,HK,NA,2665,13.7,50,29.2,42.31,61.3,59.34,75
2022/12/20,HK,NA,2710,16.8,71,31.4,42.31,61.3,59.34,75
2022/12/21,HK,NA,3821,17.5,46,27,42.31,61.3,59.34,75
2022/12/22,HK,NA,4000,17.2,35,22.6,42.31,61.3,59.34,75
2022/12/23,HK,NA,4475,17.1,40,23.1,42.31,61.3,59.34,75
2022/12/24,HK,NA,4147,16.9,49,22.4,42.31,61.3,59.34,75
2022/12/25,HK,NA,3928,16.2,59,31,42.31,61.3,59.34,75
2022/12/26,HK,NA,3607,16.3,65,29.4,42.31,61.3,59.34,75
2022/12/27,HK,NA,3787,16.9,70,35.1,42.31,61.3,59.34,75
2022/12/28,HK,NA,4101,17.7,68,27.7,42.31,61.3,59.34,75
2022/12/29,HK,NA,4360,16.8,60,26.3,42.31,61.3,59.34,75
2022/12/30,HK,NA,4839,15,62,30.1,42.31,61.3,59.34,75
2022/12/31,HK,NA,4183,15.6,64,26.1,42.31,61.3,59.34,75