"modelname","period","model","rmse","mape","auc","proj","type"
"ARIMA","test","ARIMA",0.02888327170849,0.0207342029157556,0.958127238615043,-13,"nowcast"
"ARIMA","test","ARIMA",0.0424178693682168,0.030898164637658,0.890158621865939,-12,"nowcast"
"ARIMA","test","ARIMA",0.0488628224098203,0.0345739246422863,0.890158621865939,-11,"nowcast"
"ARIMA","test","ARIMA",0.0528215268735745,0.0368038411754318,0.890158621865939,-10,"nowcast"
"ARIMA","test","ARIMA",0.0543781570395954,0.0378026098221217,0.890158621865939,-9,"nowcast"
"ARIMA","test","ARIMA",0.0535843383992516,0.0379390822471833,0.890158621865939,-8,"nowcast"
"ARIMA","test","ARIMA",0.0541317092173064,0.0387020512032339,0.890158621865939,-7,"nowcast"
"ARIMA","test","ARIMA",0.0550347770175158,0.0397556147022386,0.890158621865939,-6,"nowcast"
"ARIMA","test","ARIMA",0.0556988493290962,0.0406231888232937,0.890158621865939,-5,"nowcast"
"ARIMA","test","ARIMA",0.056373295241862,0.0411105694038044,0.890158621865939,-4,"nowcast"
"ARIMA","test","ARIMA",0.0571206141374587,0.0414456549846537,0.880114017437961,-3,"nowcast"
"ARIMA","test","ARIMA",0.0572391694716508,0.0414861036215098,0.870526142173841,-2,"nowcast"
"ARIMA","test","ARIMA",0.0591585438337857,0.0429812235020978,0.861363636363636,-1,"nowcast"
"ARIMA","test","ARIMA",0.061065866910762,0.0443544399438097,0.841486810551559,0,"nowcast"
"ARIMA","test","ARIMA",0.0649767414990708,0.0497803614954549,0.822946859903382,1,"forecast"
"ARIMA","test","ARIMA",0.0687519309514772,0.0534256484809815,0.807948094079481,2,"forecast"
"ARIMA","test","ARIMA",0.070284369077354,0.0560491057886314,0.804003267973856,3,"forecast"
"ARIMA","test","ARIMA",0.0738735878941626,0.0588987591266887,0.788888888888889,4,"forecast"
"ARIMA","test","ARIMA",0.0776499199505269,0.0622455846141499,0.773714759535655,5,"forecast"
"ARIMA","test","ARIMA",0.0811941260766601,0.065774924228439,0.747368421052632,6,"forecast"
"ARIMA","test","ARIMA",0.085517524853049,0.0697951602417248,0.732070707070707,7,"forecast"
"ARIMA","train","ARIMA",0.124629699496445,0.129924888888549,0.945583811867651,0,"nowcast"
"ARIMA","train","ARIMA",0.0917269451759556,0.107234211276915,0.955017774131802,1,"forecast"
"ARIMA","train","ARIMA",0.107824937008797,0.121833036932646,0.938337435056057,2,"forecast"
"ARIMA","train","ARIMA",0.122475737172193,0.1369252131386,0.921657095980312,3,"forecast"
"ARIMA","train","ARIMA",0.136458110842929,0.152890787961663,0.904976756904567,4,"forecast"
"ARIMA","train","ARIMA",0.149356694814332,0.166932549535189,0.888296417828821,5,"forecast"
"ARIMA","train","ARIMA",0.162947355046786,0.180702284988614,0.879901960784314,6,"forecast"
"ARIMA","train","ARIMA",0.175728820246716,0.194426339819142,0.871777476255088,7,"forecast"
"ARIMA","valid","ARIMA",0.0572718083765709,0.0517776633821262,0.86128364389234,-13,"nowcast"
"ARIMA","valid","ARIMA",0.0938464812246298,0.0905924813480979,0.746376811594203,-12,"nowcast"
"ARIMA","valid","ARIMA",0.122129289152392,0.11449352089645,0.684265010351967,-11,"nowcast"
"ARIMA","valid","ARIMA",0.145322427392128,0.139738167612107,0.722567287784679,-10,"nowcast"
"ARIMA","valid","ARIMA",0.166145963860977,0.165686091754888,0.674948240165631,-9,"nowcast"
"ARIMA","valid","ARIMA",0.187432876198011,0.19297092677535,0.612836438923395,-8,"nowcast"
"ARIMA","valid","ARIMA",0.208821908297936,0.220435214848742,0.574534161490683,-7,"nowcast"
"ARIMA","valid","ARIMA",0.219277545008504,0.237913213494859,0.581780538302277,-6,"nowcast"
"ARIMA","valid","ARIMA",0.224679979668569,0.250819983169266,0.596273291925466,-5,"nowcast"
"ARIMA","valid","ARIMA",0.230472779822118,0.259112165394064,0.605590062111801,-4,"nowcast"
"ARIMA","valid","ARIMA",0.235200539976006,0.263244137496628,0.565217391304348,-3,"nowcast"
"ARIMA","valid","ARIMA",0.245304581009072,0.275033931911921,0.541407867494824,-2,"nowcast"
"ARIMA","valid","ARIMA",0.247689337335909,0.27960925741259,0.53416149068323,-1,"nowcast"
"ARIMA","valid","ARIMA",0.24814980780408,0.278749726879101,0.510351966873706,0,"nowcast"
"ARIMA","valid","ARIMA",0.251847634374383,0.280758587402822,0.479296066252588,1,"forecast"
"ARIMA","valid","ARIMA",0.255821498688974,0.286561163690345,0.486542443064182,2,"forecast"
"ARIMA","valid","ARIMA",0.26114862536664,0.297827560350068,0.384057971014493,3,"forecast"
"ARIMA","valid","ARIMA",0.264810712285378,0.302512474999931,0.415113871635611,4,"forecast"
"ARIMA","valid","ARIMA",0.269049963123642,0.311555014718433,0.417857142857143,5,"forecast"
"ARIMA","valid","ARIMA",0.273696429771219,0.323078403916003,0.420681986656783,6,"forecast"
"ARIMA","valid","ARIMA",0.278865074313541,0.332434590725209,0.388888888888889,7,"forecast"
"gbm","test","GBM",0.0829745769470878,0.063622400350606,0.844704076411393,-13,"nowcast"
"gbm","test","GBM",0.0892333030224025,0.0693255556511616,0.837711069418387,-12,"nowcast"
"gbm","test","GBM",0.0949740685853685,0.0744021895076054,0.813235544942862,-11,"nowcast"
"gbm","test","GBM",0.0985792047490888,0.0780063724269471,0.799249530956848,-10,"nowcast"
"gbm","test","GBM",0.101567245338289,0.0805468323373454,0.785263516970834,-9,"nowcast"
"gbm","test","GBM",0.103563267726142,0.0827445165594591,0.778270509977827,-8,"nowcast"
"gbm","test","GBM",0.106012708695051,0.0853195365785736,0.757291488998806,-7,"nowcast"
"gbm","test","GBM",0.107515807281927,0.0869083384217083,0.757291488998806,-6,"nowcast"
"gbm","test","GBM",0.108994042292927,0.0884957987809537,0.753794985502303,-5,"nowcast"
"gbm","test","GBM",0.109149662659555,0.0892636055327857,0.743305475012792,-4,"nowcast"
"gbm","test","GBM",0.109604565605148,0.0896952966820851,0.720321931589537,-3,"nowcast"
"gbm","test","GBM",0.110820352454708,0.0911738539300024,0.728682170542636,-2,"nowcast"
"gbm","test","GBM",0.112799223204363,0.0928255400848693,0.692857142857143,-1,"nowcast"
"gbm","test","GBM",0.114133026004642,0.0940379306769114,0.705115907274181,0,"nowcast"
"gbm","test","GBM",0.120250435007683,0.101365350051892,0.652415458937198,1,"forecast"
"gbm","test","GBM",0.12437409275461,0.105697143184926,0.63625304136253,2,"forecast"
"gbm","test","GBM",0.128043068788103,0.10984952936533,0.620016339869281,3,"forecast"
"gbm","test","GBM",0.131752324489247,0.113942789709574,0.603703703703704,4,"forecast"
"gbm","test","GBM",0.135395147967086,0.117924573543284,0.587313432835821,5,"forecast"
"gbm","test","GBM",0.139306779104712,0.121981661115603,0.570843776106934,6,"forecast"
"gbm","test","GBM",0.143317386063909,0.125881726657809,0.554292929292929,7,"forecast"
"gbm","train","GBM",0.146225084148508,0.145356724849752,0.892671588733935,0,"nowcast"
"gbm","train","GBM",0.0982941070265778,0.101305874655389,0.923844681432868,1,"forecast"
"gbm","train","GBM",0.116883594367845,0.119303371314394,0.907164342357123,2,"forecast"
"gbm","train","GBM",0.134784815203985,0.13697969034071,0.890484003281378,3,"forecast"
"gbm","train","GBM",0.151856901904879,0.15429661709575,0.873803664205633,4,"forecast"
"gbm","train","GBM",0.167958737890598,0.171197360740309,0.857123325129888,5,"forecast"
"gbm","train","GBM",0.183187547038146,0.187935510575021,0.848583877995643,6,"forecast"
"gbm","train","GBM",0.197473474370987,0.203950056726318,0.840298507462687,7,"forecast"
"gbm","valid","GBM",0.159348873907225,0.157869702868692,0.692546583850932,-13,"nowcast"
"gbm","valid","GBM",0.17895616988976,0.182881990381359,0.692546583850932,-12,"nowcast"
"gbm","valid","GBM",0.191072842100375,0.199733555499812,0.678053830227743,-11,"nowcast"
"gbm","valid","GBM",0.204852147746798,0.221295879969894,0.65424430641822,-10,"nowcast"
"gbm","valid","GBM",0.214810446966585,0.233730119479818,0.615942028985507,-9,"nowcast"
"gbm","valid","GBM",0.223278954579567,0.243426393683635,0.632505175983437,-8,"nowcast"
"gbm","valid","GBM",0.228028399945821,0.249248149538548,0.656314699792961,-7,"nowcast"
"gbm","valid","GBM",0.233813688232695,0.260137295165422,0.632505175983437,-6,"nowcast"
"gbm","valid","GBM",0.238676536490963,0.26697110722192,0.656314699792961,-5,"nowcast"
"gbm","valid","GBM",0.240337072378457,0.269048640984803,0.656314699792961,-4,"nowcast"
"gbm","valid","GBM",0.240091392874172,0.269250788948303,0.632505175983437,-3,"nowcast"
"gbm","valid","GBM",0.23832657877134,0.268458539910128,0.584886128364389,-2,"nowcast"
"gbm","valid","GBM",0.237340343425616,0.268011528640015,0.584886128364389,-1,"nowcast"
"gbm","valid","GBM",0.235758423737822,0.267493864400506,0.592132505175983,0,"nowcast"
"gbm","valid","GBM",0.250303266577105,0.286979926832984,0.522774327122153,1,"forecast"
"gbm","valid","GBM",0.254413664010935,0.292937086352802,0.491718426501035,2,"forecast"
"gbm","valid","GBM",0.255653641809184,0.28754477035699,0.460662525879917,3,"forecast"
"gbm","valid","GBM",0.260581915908812,0.298690830337257,0.429606625258799,4,"forecast"
"gbm","valid","GBM",0.261300268545676,0.296530570067232,0.4,5,"forecast"
"gbm","valid","GBM",0.261791264190998,0.29448794059448,0.401408450704225,6,"forecast"
"gbm","valid","GBM",0.262215931239379,0.297075858808677,0.402777777777778,7,"forecast"
"gpr","test","GPR",0.0777807516935274,0.0528680287426699,0.9214565921883,-13,"nowcast"
"gpr","test","GPR",0.0803945784115224,0.0553662132683877,0.893569844789357,-12,"nowcast"
"gpr","test","GPR",0.0807244897496887,0.0563593779786148,0.893569844789357,-11,"nowcast"
"gpr","test","GPR",0.0878117452817237,0.0616347348692836,0.88657683779635,-10,"nowcast"
"gpr","test","GPR",0.0923565752618014,0.0639794579942741,0.870885212348627,-9,"nowcast"
"gpr","test","GPR",0.0951507511832509,0.0648479735181084,0.870885212348627,-8,"nowcast"
"gpr","test","GPR",0.0995128616876482,0.0679497355195562,0.86389220535562,-7,"nowcast"
"gpr","test","GPR",0.100213133832415,0.0690101873923673,0.872590823810336,-6,"nowcast"
"gpr","test","GPR",0.0991893963245843,0.0687985092209752,0.869094320313832,-5,"nowcast"
"gpr","test","GPR",0.104090386148862,0.0702552938086099,0.856899198362613,-4,"nowcast"
"gpr","test","GPR",0.108234928463525,0.0722649317354201,0.854627766599597,-3,"nowcast"
"gpr","test","GPR",0.108381426869957,0.0739618994814491,0.855764473033152,-2,"nowcast"
"gpr","test","GPR",0.106691807439908,0.0735845030644141,0.831168831168831,-1,"nowcast"
"gpr","test","GPR",0.0999119778251547,0.0721895295457113,0.831974420463629,0,"nowcast"
"gpr","test","GPR",0.107479069795159,0.0796332611120591,0.791062801932367,1,"forecast"
"gpr","test","GPR",0.106738769592178,0.0820636247075539,0.790348742903487,2,"forecast"
"gpr","test","GPR",0.105958304546267,0.0844545348013194,0.774836601307189,3,"forecast"
"gpr","test","GPR",0.106048700952357,0.0869331541810704,0.759259259259259,4,"forecast"
"gpr","test","GPR",0.106763966094072,0.0895272868885855,0.743615257048093,5,"forecast"
"gpr","test","GPR",0.107917612413895,0.0922250629949645,0.731662489557226,6,"forecast"
"gpr","test","GPR",0.1090589215033,0.0945588487941025,0.715909090909091,7,"forecast"
"gpr","train","GPR",0.242267988489582,0.251855015742103,0.790830546265329,0,"nowcast"
"gpr","train","GPR",0.214422751621329,0.257831919486884,0.783584169453735,1,"forecast"
"gpr","train","GPR",0.17197760954615,0.207208371546255,0.807692307692308,2,"forecast"
"gpr","train","GPR",0.178801319643511,0.217389037644554,0.807692307692308,3,"forecast"
"gpr","train","GPR",0.178601093639902,0.216541231402196,0.807692307692308,4,"forecast"
"gpr","train","GPR",0.187399095304278,0.227452263161477,0.80188679245283,5,"forecast"
"gpr","train","GPR",0.196818930987017,0.238855308599023,0.796296296296296,6,"forecast"
"gpr","train","GPR",0.206819982106474,0.249772495301668,0.790909090909091,7,"forecast"
"gpr","valid","GPR",0.14762326304508,0.155948033944453,0.525879917184265,-13,"nowcast"
"gpr","valid","GPR",0.169378541229275,0.180568983183498,0.502070393374741,-12,"nowcast"
"gpr","valid","GPR",0.182715038267663,0.198509251093492,0.51656314699793,-11,"nowcast"
"gpr","valid","GPR",0.194999622325957,0.214746260548758,0.492753623188406,-10,"nowcast"
"gpr","valid","GPR",0.203875607009923,0.228149110648823,0.5,-9,"nowcast"
"gpr","valid","GPR",0.208626147436295,0.236658592906968,0.492753623188406,-8,"nowcast"
"gpr","valid","GPR",0.213506916940876,0.244735943530516,0.492753623188406,-7,"nowcast"
"gpr","valid","GPR",0.215852035435972,0.249831345674399,0.5,-6,"nowcast"
"gpr","valid","GPR",0.21762716387408,0.252926185013705,0.5,-5,"nowcast"
"gpr","valid","GPR",0.215152686583852,0.249101015551245,0.5,-4,"nowcast"
"gpr","valid","GPR",0.213492276769335,0.248121414688187,0.5,-3,"nowcast"
"gpr","valid","GPR",0.211609132579624,0.247050051635484,0.5,-2,"nowcast"
"gpr","valid","GPR",0.209253261012521,0.244675102292564,0.5,-1,"nowcast"
"gpr","valid","GPR",0.20751926098388,0.241745104627396,0.5,0,"nowcast"
"gpr","valid","GPR",0.20610089516059,0.243089517084328,0.5,1,"forecast"
"gpr","valid","GPR",0.203184290781529,0.238076531294499,0.5,2,"forecast"
"gpr","valid","GPR",0.203629261960092,0.237658127941999,0.5,3,"forecast"
"gpr","valid","GPR",0.20473036435426,0.238218983291505,0.5,4,"forecast"
"gpr","valid","GPR",0.207679703717114,0.245125680891284,0.5,5,"forecast"
"gpr","valid","GPR",0.211232606767965,0.254966267135943,0.5,6,"forecast"
"gpr","valid","GPR",0.214120020271042,0.26300022301935,0.5,7,"forecast"
"nn","test","NN",0.0549390043540156,0.0402396533384166,0.881460003411223,-13,"nowcast"
"nn","test","NN",0.058668046159983,0.0426150045056531,0.881460003411223,-12,"nowcast"
"nn","test","NN",0.0605462708737846,0.0442515798379193,0.872761384956507,-11,"nowcast"
"nn","test","NN",0.0621364358669381,0.0455607333789273,0.860566263005287,-10,"nowcast"
"nn","test","NN",0.0638730475369533,0.047003932753343,0.860566263005287,-9,"nowcast"
"nn","test","NN",0.0651749301496278,0.0482783256983482,0.857069759508784,-8,"nowcast"
"nn","test","NN",0.0670099673490597,0.0502604565894839,0.857069759508784,-7,"nowcast"
"nn","test","NN",0.0683121543925501,0.0515920131938806,0.857069759508784,-6,"nowcast"
"nn","test","NN",0.0698550915017726,0.0530073916599746,0.857069759508784,-5,"nowcast"
"nn","test","NN",0.0719531423082798,0.0548957814646114,0.844874637557564,-4,"nowcast"
"nn","test","NN",0.0746524352106278,0.0571052847705034,0.824111334674715,-3,"nowcast"
"nn","test","NN",0.0772379754654722,0.0591478226119545,0.815932706580901,-2,"nowcast"
"nn","test","NN",0.0808921434624979,0.0612009120521343,0.811688311688312,-1,"nowcast"
"nn","test","NN",0.0848060022553027,0.0637398268727979,0.789528377298162,0,"nowcast"
"nn","test","NN",0.0888581030224445,0.0691447358532257,0.77463768115942,1,"forecast"
"nn","test","NN",0.0922428862006435,0.0728918269685768,0.759691808596918,2,"forecast"
"nn","test","NN",0.0954322501795958,0.0763629180599058,0.74468954248366,3,"forecast"
"nn","test","NN",0.0990749056862203,0.0799432536008946,0.72962962962963,4,"forecast"
"nn","test","NN",0.102854001768109,0.0836358001067244,0.714510779436152,5,"forecast"
"nn","test","NN",0.106922363844786,0.0873533925517284,0.699331662489557,6,"forecast"
"nn","test","NN",0.110815428225362,0.0911340024561536,0.684090909090909,7,"forecast"
"nn","train","NN",0.173284104697315,0.124464079328047,0.963768115942029,0,"nowcast"
"nn","train","NN",0.175405733942665,0.124315512446781,0.971014492753623,1,"forecast"
"nn","train","NN",0.19085415963204,0.134694339638742,0.954334153677878,2,"forecast"
"nn","train","NN",0.205446200374179,0.144271831512692,0.937653814602133,3,"forecast"
"nn","train","NN",0.221603329375917,0.161805816935341,0.920973475526388,4,"forecast"
"nn","train","NN",0.235621776216074,0.176014536257358,0.904293136450643,5,"forecast"
"nn","train","NN",0.24867186549465,0.190525639879442,0.894880174291939,6,"forecast"
"nn","train","NN",0.261378364396199,0.205705174624604,0.885753052917232,7,"forecast"
"nn","valid","NN",0.177646938097535,0.195623386946885,0.559006211180124,-13,"nowcast"
"nn","valid","NN",0.189426075119408,0.209779242149659,0.559006211180124,-12,"nowcast"
"nn","valid","NN",0.199803759713467,0.223583270689228,0.55175983436853,-11,"nowcast"
"nn","valid","NN",0.207290831733014,0.234158679664927,0.55175983436853,-10,"nowcast"
"nn","valid","NN",0.212648076029531,0.242050151997671,0.55175983436853,-9,"nowcast"
"nn","valid","NN",0.21690320218215,0.248786124957406,0.55175983436853,-8,"nowcast"
"nn","valid","NN",0.219598356922755,0.254525756456729,0.527950310559006,-7,"nowcast"
"nn","valid","NN",0.220063276812703,0.257118966562005,0.473084886128364,-6,"nowcast"
"nn","valid","NN",0.219918940094091,0.258971627854331,0.504140786749482,-5,"nowcast"
"nn","valid","NN",0.217967670303699,0.256335653287065,0.473084886128364,-4,"nowcast"
"nn","valid","NN",0.215560853460274,0.254201376853893,0.504140786749482,-3,"nowcast"
"nn","valid","NN",0.212307182428426,0.250014690328608,0.549689440993789,-2,"nowcast"
"nn","valid","NN",0.209334306854955,0.245224662505612,0.573498964803313,-1,"nowcast"
"nn","valid","NN",0.206859806754324,0.242217904737146,0.604554865424431,0,"nowcast"
"nn","valid","NN",0.215297235629594,0.252677618378524,0.511387163561077,1,"forecast"
"nn","valid","NN",0.217157623338525,0.252700885040809,0.480331262939959,2,"forecast"
"nn","valid","NN",0.221440045872466,0.257115465907725,0.449275362318841,3,"forecast"
"nn","valid","NN",0.224456525110516,0.260664911212164,0.449275362318841,4,"forecast"
"nn","valid","NN",0.228561848371036,0.268498247920539,0.45,5,"forecast"
"nn","valid","NN",0.232697017077784,0.277498335275676,0.450704225352113,6,"forecast"
"nn","valid","NN",0.236746046138555,0.285754362965819,0.451388888888889,7,"forecast"
"rf","test","RF",0.0642898200106815,0.0459907880922863,0.884871226334641,-13,"nowcast"
"rf","test","RF",0.0687508326950583,0.0504751430730708,0.877878219341634,-12,"nowcast"
"rf","test","RF",0.0735718682219996,0.0544042049832287,0.855193586900904,-11,"nowcast"
"rf","test","RF",0.0775106662956421,0.0578670866899262,0.8516970834044,-10,"nowcast"
"rf","test","RF",0.080219846790499,0.0597481581801729,0.855193586900904,-9,"nowcast"
"rf","test","RF",0.0824045143784113,0.061321595983094,0.855193586900904,-8,"nowcast"
"rf","test","RF",0.0845544273755977,0.0636479189592593,0.8516970834044,-7,"nowcast"
"rf","test","RF",0.0867081186147577,0.0663088970778788,0.855193586900904,-6,"nowcast"
"rf","test","RF",0.0875971263876148,0.0674803777588658,0.855193586900904,-5,"nowcast"
"rf","test","RF",0.0883841293036436,0.068627581905278,0.848200579907897,-4,"nowcast"
"rf","test","RF",0.0881152123675424,0.069441029708194,0.834339369550637,-3,"nowcast"
"rf","test","RF",0.0892983914684712,0.0707956670381817,0.8244268513937,-2,"nowcast"
"rf","test","RF",0.091286234684645,0.0717592935324364,0.814935064935065,-1,"nowcast"
"rf","test","RF",0.0930284933201181,0.0730312580855974,0.805835331734612,0,"nowcast"
"rf","test","RF",0.0988234998595907,0.0805603760560014,0.775845410628019,1,"forecast"
"rf","test","RF",0.101877525829696,0.0846819942722967,0.760502838605028,2,"forecast"
"rf","test","RF",0.104468515422603,0.0884198369301154,0.745098039215686,3,"forecast"
"rf","test","RF",0.107760200209478,0.0924164153151735,0.72962962962963,4,"forecast"
"rf","test","RF",0.111068387360519,0.0962772139246547,0.714096185737977,5,"forecast"
"rf","test","RF",0.114328443296297,0.100134595228999,0.698496240601504,6,"forecast"
"rf","test","RF",0.117887678492684,0.103982707362177,0.682828282828283,7,"forecast"
"rf","train","RF",0.174632456028974,0.159830961113037,0.888296417828821,0,"nowcast"
"rf","train","RF",0.181493541948031,0.182099706524548,0.888296417828821,1,"forecast"
"rf","train","RF",0.160272198975432,0.139991557755246,0.890484003281378,2,"forecast"
"rf","train","RF",0.179117955295118,0.158600898800736,0.873803664205633,3,"forecast"
"rf","train","RF",0.198319025556386,0.181465459960035,0.857123325129888,4,"forecast"
"rf","train","RF",0.214794502162298,0.200160591555513,0.840442986054143,5,"forecast"
"rf","train","RF",0.230202714781879,0.218447136044005,0.831971677559913,6,"forecast"
"rf","train","RF",0.244620512764424,0.236102147469946,0.823744911804613,7,"forecast"
"rf","valid","RF",0.156384617666941,0.160921089233613,0.644927536231884,-13,"nowcast"
"rf","valid","RF",0.178319140839188,0.186883828694514,0.559006211180124,-12,"nowcast"
"rf","valid","RF",0.195533992680446,0.209939497064521,0.544513457556936,-11,"nowcast"
"rf","valid","RF",0.207417124215082,0.226400634513192,0.537267080745342,-10,"nowcast"
"rf","valid","RF",0.218595563700018,0.24100317462967,0.537267080745342,-9,"nowcast"
"rf","valid","RF",0.225783378853723,0.252363695949347,0.537267080745342,-8,"nowcast"
"rf","valid","RF",0.229547880736111,0.259785437316936,0.537267080745342,-7,"nowcast"
"rf","valid","RF",0.232846040401116,0.265336831101729,0.537267080745342,-6,"nowcast"
"rf","valid","RF",0.23619136745311,0.271350932232302,0.537267080745342,-5,"nowcast"
"rf","valid","RF",0.237380766120774,0.274164728196939,0.513457556935818,-4,"nowcast"
"rf","valid","RF",0.236920756817956,0.275254074723305,0.537267080745342,-3,"nowcast"
"rf","valid","RF",0.235188464566326,0.274646391867229,0.537267080745342,-2,"nowcast"
"rf","valid","RF",0.231272091429015,0.269765193185345,0.537267080745342,-1,"nowcast"
"rf","valid","RF",0.227691115608781,0.265625320257548,0.537267080745342,0,"nowcast"
"rf","valid","RF",0.233096410756395,0.270045592351489,0.475155279503106,1,"forecast"
"rf","valid","RF",0.232691426761963,0.268478256379446,0.444099378881988,2,"forecast"
"rf","valid","RF",0.232927132192631,0.266299464227698,0.41304347826087,3,"forecast"
"rf","valid","RF",0.234779934278545,0.265439517510453,0.41304347826087,4,"forecast"
"rf","valid","RF",0.236319338217041,0.27289029239277,0.414285714285714,5,"forecast"
"rf","valid","RF",0.237329767925947,0.279384252913724,0.415492957746479,6,"forecast"
"rf","valid","RF",0.239873107462475,0.28538848780429,0.416666666666667,7,"forecast"
"svr_L","test","SVR_L",0.0501233900346748,0.0371700236010849,0.893655125362442,-13,"nowcast"
"svr_L","test","SVR_L",0.0513582020788308,0.038346738030195,0.893655125362442,-12,"nowcast"
"svr_L","test","SVR_L",0.0516829913780663,0.0393884989979162,0.893655125362442,-11,"nowcast"
"svr_L","test","SVR_L",0.0517644034813719,0.040025121333698,0.893655125362442,-10,"nowcast"
"svr_L","test","SVR_L",0.05181230627664,0.0405749610024937,0.893655125362442,-9,"nowcast"
"svr_L","test","SVR_L",0.0519062521481657,0.0409687805319037,0.893655125362442,-8,"nowcast"
"svr_L","test","SVR_L",0.0530542321578863,0.0421354558282358,0.893655125362442,-7,"nowcast"
"svr_L","test","SVR_L",0.0542398665368413,0.0432851181955879,0.893655125362442,-6,"nowcast"
"svr_L","test","SVR_L",0.0557835812408749,0.0445405944327285,0.890158621865939,-5,"nowcast"
"svr_L","test","SVR_L",0.0579668325686338,0.0459162877136978,0.890158621865939,-4,"nowcast"
"svr_L","test","SVR_L",0.060789278943474,0.0471314895365672,0.873071763916834,-3,"nowcast"
"svr_L","test","SVR_L",0.063543593559075,0.0484368571372419,0.863433943592281,-2,"nowcast"
"svr_L","test","SVR_L",0.067175600794611,0.0497874073436329,0.850649350649351,-1,"nowcast"
"svr_L","test","SVR_L",0.0704495299102973,0.0513003146909055,0.841806554756195,0,"nowcast"
"svr_L","test","SVR_L",0.0736622186266382,0.0576759663002686,0.81207729468599,1,"forecast"
"svr_L","test","SVR_L",0.0761368626841406,0.0611109568492374,0.796999188969992,2,"forecast"
"svr_L","test","SVR_L",0.0787533236377487,0.0645665140353344,0.781862745098039,3,"forecast"
"svr_L","test","SVR_L",0.0820816380063484,0.067826623923701,0.766666666666667,4,"forecast"
"svr_L","test","SVR_L",0.085870400334472,0.0714480446210618,0.751409618573798,5,"forecast"
"svr_L","test","SVR_L",0.0900521680156474,0.0750656081474297,0.73609022556391,6,"forecast"
"svr_L","test","SVR_L",0.094030153419922,0.0791539863177334,0.720707070707071,7,"forecast"
"svr_L","train","SVR_L",0.165458136512793,0.187327003675565,0.968826907301066,0,"nowcast"
"svr_L","train","SVR_L",0.180170017087402,0.208914612810908,0.911539513262237,1,"forecast"
"svr_L","train","SVR_L",0.106468993295988,0.117076543548388,0.921657095980312,2,"forecast"
"svr_L","train","SVR_L",0.121615871097728,0.123205082188712,0.904976756904567,3,"forecast"
"svr_L","train","SVR_L",0.136307635306262,0.142056841418773,0.907164342357123,4,"forecast"
"svr_L","train","SVR_L",0.148276050470675,0.152390714597918,0.890484003281378,5,"forecast"
"svr_L","train","SVR_L",0.160150990254853,0.163782970745518,0.881808278867102,6,"forecast"
"svr_L","train","SVR_L",0.172296235487467,0.177174446333046,0.873405698778833,7,"forecast"
"svr_L","valid","SVR_L",0.187053520689215,0.194491503617062,0.694616977225673,-13,"nowcast"
"svr_L","valid","SVR_L",0.208900285158568,0.218891460592644,0.680124223602485,-12,"nowcast"
"svr_L","valid","SVR_L",0.225753015807071,0.237558107181224,0.687370600414079,-11,"nowcast"
"svr_L","valid","SVR_L",0.239625484795476,0.25552321618189,0.67287784679089,-10,"nowcast"
"svr_L","valid","SVR_L",0.249125443600789,0.268634469842775,0.627329192546584,-9,"nowcast"
"svr_L","valid","SVR_L",0.257103638546615,0.279535995737652,0.596273291925466,-8,"nowcast"
"svr_L","valid","SVR_L",0.262782669846753,0.287827017437135,0.627329192546584,-7,"nowcast"
"svr_L","valid","SVR_L",0.267479813583946,0.297059975104834,0.627329192546584,-6,"nowcast"
"svr_L","valid","SVR_L",0.273850079373235,0.302315840179107,0.62008281573499,-5,"nowcast"
"svr_L","valid","SVR_L",0.273945259081001,0.3023363033609,0.596273291925466,-4,"nowcast"
"svr_L","valid","SVR_L",0.267814396561749,0.296141360365191,0.58695652173913,-3,"nowcast"
"svr_L","valid","SVR_L",0.264713024086957,0.293081745989641,0.601449275362319,-2,"nowcast"
"svr_L","valid","SVR_L",0.260266619278805,0.288203192454306,0.592132505175983,-1,"nowcast"
"svr_L","valid","SVR_L",0.256979063637801,0.282455430045342,0.56832298136646,0,"nowcast"
"svr_L","valid","SVR_L",0.265552418940856,0.297022976434903,0.530020703933747,1,"forecast"
"svr_L","valid","SVR_L",0.267329014974926,0.297449153311011,0.498964803312629,2,"forecast"
"svr_L","valid","SVR_L",0.270259146473481,0.300928953641377,0.467908902691511,3,"forecast"
"svr_L","valid","SVR_L",0.272981252769429,0.302132255586054,0.436853002070393,4,"forecast"
"svr_L","valid","SVR_L",0.274828737458856,0.303694082203749,0.407142857142857,5,"forecast"
"svr_L","valid","SVR_L",0.275854197020075,0.306229397437949,0.408450704225352,6,"forecast"
"svr_L","valid","SVR_L",0.277673886764874,0.310259288685559,0.409722222222222,7,"forecast"
"ridge","test","RIDGE",0.0536122614067896,0.0363838943244189,0.902353743817158,-13,"nowcast"
"ridge","test","RIDGE",0.053556312639833,0.0370821987100303,0.902353743817158,-12,"nowcast"
"ridge","test","RIDGE",0.0527175985326509,0.0375005507216994,0.905850247313662,-11,"nowcast"
"ridge","test","RIDGE",0.0517072783220713,0.0368569402743007,0.890158621865939,-10,"nowcast"
"ridge","test","RIDGE",0.0510562874549304,0.0370337788504662,0.890158621865939,-9,"nowcast"
"ridge","test","RIDGE",0.0510742708930458,0.0377995334668509,0.890158621865939,-8,"nowcast"
"ridge","test","RIDGE",0.0520402437139098,0.0385625193372251,0.886662118369435,-7,"nowcast"
"ridge","test","RIDGE",0.0526731008308796,0.0391454463891134,0.886662118369435,-6,"nowcast"
"ridge","test","RIDGE",0.0543490509603168,0.0402822948717024,0.883165614872932,-5,"nowcast"
"ridge","test","RIDGE",0.0573521179500983,0.0417459006226449,0.886662118369435,-4,"nowcast"
"ridge","test","RIDGE",0.0620301524486922,0.0435582905781113,0.876592890677398,-3,"nowcast"
"ridge","test","RIDGE",0.065186130796178,0.044485069019654,0.863433943592281,-2,"nowcast"
"ridge","test","RIDGE",0.0689814777368661,0.0461782066623207,0.854220779220779,-1,"nowcast"
"ridge","test","RIDGE",0.0717331786721022,0.0478778773321964,0.856514788169464,0,"nowcast"
"ridge","test","RIDGE",0.0740295197455104,0.0531867383353167,0.815700483091787,1,"forecast"
"ridge","test","RIDGE",0.0758427845770981,0.0563915314072727,0.800648824006488,2,"forecast"
"ridge","test","RIDGE",0.0778172491847163,0.059631375734736,0.785539215686274,3,"forecast"
"ridge","test","RIDGE",0.0805833275918542,0.0627986811033014,0.77037037037037,4,"forecast"
"ridge","test","RIDGE",0.0838146806688778,0.0667697520848348,0.75514096185738,5,"forecast"
"ridge","test","RIDGE",0.0876042344312221,0.0710172270543056,0.73984962406015,6,"forecast"
"ridge","test","RIDGE",0.0912224027451395,0.075350384133546,0.724494949494949,7,"forecast"
"ridge","train","RIDGE",0.13417826748804,0.15972791373921,0.981132075471698,0,"nowcast"
"ridge","train","RIDGE",0.108331548985885,0.13509515224951,0.938337435056057,1,"forecast"
"ridge","train","RIDGE",0.121213581209323,0.147810273022605,0.921657095980312,2,"forecast"
"ridge","train","RIDGE",0.135756150017047,0.161775501686474,0.904976756904567,3,"forecast"
"ridge","train","RIDGE",0.15087565699903,0.176326772393888,0.888296417828821,4,"forecast"
"ridge","train","RIDGE",0.165572405884701,0.19190770684904,0.871616078753076,5,"forecast"
"ridge","train","RIDGE",0.179682017565348,0.20753798368748,0.863289760348584,6,"forecast"
"ridge","train","RIDGE",0.193621869497786,0.224271191705766,0.855223880597015,7,"forecast"
"ridge","valid","RIDGE",0.220587916844355,0.197798059528833,0.525879917184265,-13,"nowcast"
"ridge","valid","RIDGE",0.248181628186279,0.225422515488349,0.487577639751553,-12,"nowcast"
"ridge","valid","RIDGE",0.27322142203609,0.250714995135307,0.487577639751553,-11,"nowcast"
"ridge","valid","RIDGE",0.297891116610834,0.276210263812522,0.449275362318841,-10,"nowcast"
"ridge","valid","RIDGE",0.319554789898622,0.301516657258072,0.456521739130435,-9,"nowcast"
"ridge","valid","RIDGE",0.342031974956092,0.325055313840003,0.456521739130435,-8,"nowcast"
"ridge","valid","RIDGE",0.364373840183583,0.346015468648591,0.456521739130435,-7,"nowcast"
"ridge","valid","RIDGE",0.378902569569571,0.363552875093073,0.456521739130435,-6,"nowcast"
"ridge","valid","RIDGE",0.386775218916961,0.376353360961588,0.478260869565217,-5,"nowcast"
"ridge","valid","RIDGE",0.391595613626743,0.380229692780322,0.485507246376812,-4,"nowcast"
"ridge","valid","RIDGE",0.40705153177256,0.395101623174429,0.492753623188406,-3,"nowcast"
"ridge","valid","RIDGE",0.412157979104655,0.398696632570973,0.5,-2,"nowcast"
"ridge","valid","RIDGE",0.412265189515519,0.400942256168614,0.492753623188406,-1,"nowcast"
"ridge","valid","RIDGE",0.405947908597058,0.397693778074557,0.492753623188406,0,"nowcast"
"ridge","valid","RIDGE",0.383492249394341,0.384902560201203,0.492753623188406,1,"forecast"
"ridge","valid","RIDGE",0.36911067613342,0.376026658272012,0.492753623188406,2,"forecast"
"ridge","valid","RIDGE",0.357558224122002,0.371264234434808,0.492753623188406,3,"forecast"
"ridge","valid","RIDGE",0.34702428011535,0.367628503614176,0.492753623188406,4,"forecast"
"ridge","valid","RIDGE",0.334937826892535,0.366850486905732,0.492857142857143,5,"forecast"
"ridge","valid","RIDGE",0.324349139138185,0.366260248726777,0.492957746478873,6,"forecast"
"ridge","valid","RIDGE",0.317730602905446,0.366555196832388,0.493055555555556,7,"forecast"
"gam","test","GAM",0.0620351061198612,0.0394375817987869,0.905850247313662,-13,"nowcast"
"gam","test","GAM",0.0714661548854932,0.0435070784469574,0.893655125362442,-12,"nowcast"
"gam","test","GAM",0.0762096368192271,0.0463726922850724,0.8657683779635,-11,"nowcast"
"gam","test","GAM",0.0817196836939943,0.0495196425661449,0.890158621865939,-10,"nowcast"
"gam","test","GAM",0.0901569050141056,0.0531899580303497,0.874466996418216,-9,"nowcast"
"gam","test","GAM",0.0961531744968427,0.0555634972621484,0.874466996418216,-8,"nowcast"
"gam","test","GAM",0.0998260602245011,0.0574732126578519,0.874466996418216,-7,"nowcast"
"gam","test","GAM",0.102876801932577,0.0597199436564526,0.874466996418216,-6,"nowcast"
"gam","test","GAM",0.105791434762252,0.0619946395194818,0.874466996418216,-5,"nowcast"
"gam","test","GAM",0.108316355976385,0.0641894403100024,0.874466996418216,-4,"nowcast"
"gam","test","GAM",0.110952013353373,0.0661405093902913,0.868209255533199,-3,"nowcast"
"gam","test","GAM",0.114205151722166,0.068523985849064,0.847270328220353,-2,"nowcast"
"gam","test","GAM",0.11796692455052,0.071428699507719,0.838636363636364,-1,"nowcast"
"gam","test","GAM",0.122150730065748,0.0745194187972391,0.826458832933653,0,"nowcast"
"gam","test","GAM",0.127712793407781,0.0803817877218127,0.815458937198068,1,"forecast"
"gam","test","GAM",0.131817467436988,0.0843376942118699,0.815247364152474,2,"forecast"
"gam","test","GAM",0.135599520348505,0.0884428023903435,0.800245098039216,3,"forecast"
"gam","test","GAM",0.139245913166671,0.092647743079789,0.785185185185185,4,"forecast"
"gam","test","GAM",0.141675478223917,0.0962282479009161,0.770066334991708,5,"forecast"
"gam","test","GAM",0.14412327124338,0.0999709711330056,0.754887218045113,6,"forecast"
"gam","test","GAM",0.147502661487167,0.104212634779125,0.739646464646465,7,"forecast"
"gam","train","GAM",0.171765094923097,0.198502428077881,0.937653814602133,0,"nowcast"
"gam","train","GAM",0.0987543650616278,0.116266510821613,0.96663932184851,1,"forecast"
"gam","train","GAM",0.109067475885606,0.124986249208366,0.949958982772765,2,"forecast"
"gam","train","GAM",0.12161252816283,0.135990452036073,0.933278643697019,3,"forecast"
"gam","train","GAM",0.13560048461886,0.151404156969507,0.916598304621274,4,"forecast"
"gam","train","GAM",0.149221751435216,0.166593924115186,0.899917965545529,5,"forecast"
"gam","train","GAM",0.162509648214807,0.181537367983632,0.891067538126362,6,"forecast"
"gam","train","GAM",0.175580163959071,0.196984657093227,0.882496607869742,7,"forecast"
"gam","valid","GAM",0.135665133450846,0.123080792632932,0.60351966873706,-13,"nowcast"
"gam","valid","GAM",0.194986952545696,0.168535243075077,0.541407867494824,-12,"nowcast"
"gam","valid","GAM",0.219327921384939,0.199093465562716,0.5175983436853,-11,"nowcast"
"gam","valid","GAM",0.243633926639626,0.231946504336134,0.503105590062112,-10,"nowcast"
"gam","valid","GAM",0.270392862848028,0.262833476080795,0.457556935817805,-9,"nowcast"
"gam","valid","GAM",0.292318114264,0.288453719792749,0.412008281573499,-8,"nowcast"
"gam","valid","GAM",0.326779547631523,0.31554878632526,0.435817805383023,-7,"nowcast"
"gam","valid","GAM",0.349734140331534,0.340555097950373,0.421325051759834,-6,"nowcast"
"gam","valid","GAM",0.349196919261524,0.352263012938846,0.406832298136646,-5,"nowcast"
"gam","valid","GAM",0.350856849040776,0.36088666524442,0.399585921325052,-4,"nowcast"
"gam","valid","GAM",0.34481635529315,0.359660901689784,0.461697722567288,-3,"nowcast"
"gam","valid","GAM",0.336381238333,0.355749150161056,0.461697722567288,-2,"nowcast"
"gam","valid","GAM",0.341988842412871,0.36592914619094,0.437888198757764,-1,"nowcast"
"gam","valid","GAM",0.362318213359591,0.381753498677031,0.476190476190476,0,"nowcast"
"gam","valid","GAM",0.33374925010424,0.353073533344137,0.468944099378882,1,"forecast"
"gam","valid","GAM",0.333129697668849,0.346502884830663,0.468944099378882,2,"forecast"
"gam","valid","GAM",0.332516221516548,0.348133214025194,0.437888198757764,3,"forecast"
"gam","valid","GAM",0.338079371018218,0.355837814114038,0.375776397515528,4,"forecast"
"gam","valid","GAM",0.346559971585166,0.365187751246343,0.382142857142857,5,"forecast"
"gam","valid","GAM",0.352024035695047,0.371024799005482,0.38880652335063,6,"forecast"
"gam","valid","GAM",0.353587412012312,0.37344503769638,0.430555555555556,7,"forecast"
